endpoint,formulation_id,batch_id,actual,predicted,predicted_std,absolute_error,squared_error,panel
viability_percent,legacy_lit_3,legacy_literature,77.74,68.60572587693669,4.9717709003841355,9.134274123063308,83.43496375526394,all_cv
viability_percent,legacy_lit_9,legacy_literature,65.48,27.34640885079714,6.510037545803859,38.133591149202864,1454.170773934563,all_cv
viability_percent,legacy_lit_16,legacy_literature,95.7,41.233915581180696,15.04533716367967,54.46608441881931,2966.5543519179514,all_cv
viability_percent,legacy_lit_20,legacy_literature,89.43,53.07545299147412,25.324681249039564,36.35454700852589,1321.6530881951182,all_cv
viability_percent,legacy_lit_21,legacy_literature,68.0,54.935197860739606,7.212604296210228,13.064802139260394,170.68905493802296,all_cv
viability_percent,legacy_lit_31,legacy_literature,17.0,33.940193192753114,6.374236805588811,16.940193192753114,286.97014540779895,all_cv
viability_percent,legacy_lit_36,legacy_literature,70.0,75.05073062735582,5.931639970913339,5.050730627355819,25.5098798701101,all_cv
viability_percent,legacy_lit_43,legacy_literature,85.07,56.34320154992828,16.638222992475423,28.726798450071712,825.2289491910425,all_cv
viability_percent,legacy_lit_48,legacy_literature,85.65,56.51337889402389,19.956353883791788,29.13662110597612,848.942689473213,all_cv
viability_percent,legacy_lit_52,legacy_literature,47.0,27.349208052843593,6.519980419601622,19.650791947156407,386.15362415042705,all_cv
viability_percent,legacy_lit_57,legacy_literature,57.666666666666664,57.009725110381865,22.249143656645455,0.6569415562847993,0.4315722083738941,all_cv
viability_percent,legacy_lit_65,legacy_literature,81.33333333333333,80.82342972184259,8.447580540078418,0.509903611490742,0.2600016930113016,all_cv
viability_percent,legacy_lit_70,legacy_literature,47.0,45.67192991304675,16.42756910774157,1.328070086953247,1.7637701558600043,all_cv
viability_percent,legacy_lit_77,legacy_literature,28.0,31.261366706833172,17.641299626275423,3.261366706833172,10.63651279643985,all_cv
viability_percent,legacy_lit_85,legacy_literature,82.6,59.04539439732269,20.33128539441477,23.554605602677302,554.8194450976771,all_cv
viability_percent,legacy_lit_94,legacy_literature,55.4,36.58422790781323,18.45990144770184,18.81577209218677,354.0332794251145,all_cv
viability_percent,legacy_lit_99,legacy_literature,65.0,27.339289822190477,6.518142859073842,37.66071017780952,1418.3290910969656,all_cv
viability_percent,legacy_lit_100,legacy_literature,75.0,27.34577901004705,6.514444291997884,47.654220989952954,2270.9247781592726,all_cv
viability_percent,legacy_lit_109,legacy_literature,95.0,69.13765891809972,22.345357889962223,25.862341081900283,668.860686236547,all_cv
viability_percent,legacy_lit_118,legacy_literature,46.8,42.70352222087528,20.879768734737382,4.096477779124719,16.781130194862588,all_cv
viability_percent,legacy_lit_126,legacy_literature,82.9,78.95745496115605,9.27210819819769,3.94254503884396,15.543661383313122,all_cv
viability_percent,legacy_lit_130,legacy_literature,65.0,56.55732806400185,19.127154382570367,8.442671935998149,71.27870941889073,all_cv
viability_percent,legacy_lit_135,legacy_literature,60.0,48.670231250827136,25.12101226548386,11.329768749172864,128.36365990973405,all_cv
viability_percent,legacy_lit_196,legacy_literature,80.0,27.332812255724097,6.521869408910615,52.66718774427591,2773.8326648908064,all_cv
viability_percent,legacy_lit_205,legacy_literature,75.0,60.56490799792088,16.606277136866836,14.435092002079116,208.37188110848848,all_cv
viability_percent,legacy_lit_221,legacy_literature,70.66666666666667,54.23874313495105,25.572986346142248,16.42792353171562,269.87667156389585,all_cv
viability_percent,legacy_lit_237,legacy_literature,93.4,27.36365129007457,6.469044061663106,66.03634870992543,4360.799350938871,all_cv
viability_percent,legacy_lit_255,legacy_literature,9.833333333333334,34.0214827448081,14.873285717010402,24.18814941147476,585.0665719518269,all_cv
viability_percent,legacy_lit_260,legacy_literature,19.0,46.6927215761122,23.488122901631453,27.6927215761122,766.88682829207,all_cv
viability_percent,legacy_lit_275,legacy_literature,30.0,46.34994167148398,24.95000957420429,16.349941671483982,267.32059266092847,all_cv
viability_percent,legacy_lit_287,legacy_literature,60.0,27.332812255724097,6.521869408910615,32.66718774427591,1067.14515511977,all_cv
viability_percent,legacy_lit_316,legacy_literature,73.0,25.77911436638285,19.96072099100075,47.22088563361716,2229.812040023151,all_cv
viability_percent,legacy_lit_322,legacy_literature,63.02,82.01737489025123,11.976973405133837,18.99737489025123,360.9002527207479,all_cv
viability_percent,legacy_lit_332,legacy_literature,72.0,33.16239838487441,15.589743696365725,38.83760161512559,1508.359299215206,all_cv
viability_percent,legacy_lit_343,legacy_literature,60.6,54.56761179607522,17.39649634429793,6.032388203924782,36.389707442850856,all_cv
viability_percent,legacy_lit_350,legacy_literature,71.0,60.5865443169266,17.461647839473116,10.4134556830734,108.44005926333372,all_cv
viability_percent,legacy_lit_355,legacy_literature,68.2,54.69413105185484,19.044919642817153,13.505868948145164,182.40849604447175,all_cv
viability_percent,legacy_lit_368,legacy_literature,88.0,82.45883679376814,13.197487845071402,5.541163206231857,30.70448967809772,all_cv
viability_percent,legacy_lit_373,legacy_literature,72.5,33.91996807639387,6.370749399506343,38.58003192360613,1488.418863226468,all_cv
viability_percent,legacy_lit_383,legacy_literature,5.0,27.987561387368157,7.368269929633146,22.987561387368157,528.4279785380194,all_cv
viability_percent,legacy_wetlab_EXP105,legacy_wetlab,18.31,35.12199017481571,14.193407826505531,16.81199017481571,282.6430136380999,all_cv
viability_percent,legacy_wetlab_EXP203,legacy_wetlab,52.32,54.909836568544065,22.709459494716523,2.589836568544065,6.707253451768098,all_cv
viability_percent,legacy_wetlab_EXP301,legacy_wetlab,28.19,39.95394976545674,19.93783780788422,11.76394976545674,138.39051408418968,all_cv
viability_percent,legacy_wetlab_EXP306,legacy_wetlab,69.78,50.17073216350533,3.3973443156510994,19.609267836494674,384.5233850833845,all_cv
viability_percent,legacy_wetlab_EXP1104,legacy_wetlab,36.3,38.5739330219689,4.779051401243243,2.273933021968901,5.170771388400618,all_cv
viability_percent,legacy_wetlab_EXP1203,legacy_wetlab,20.26,14.304400808245532,5.658570631924743,5.9555991917544695,35.46916173282649,all_cv
viability_percent,legacy_wetlab_EXP2102,legacy_wetlab,28.14,53.96123243100498,25.436823384538844,25.82123243100498,666.7360442559833,all_cv
viability_percent,legacy_wetlab_EXP3105,legacy_wetlab,41.32,61.54415706329073,9.256620303909257,20.224157063290733,409.0165289206524,all_cv
viability_percent,legacy_wetlab_EXP4102,legacy_wetlab,59.76,60.84219287923841,3.661312829265157,1.0821928792384128,1.171141427874326,all_cv
viability_percent,legacy_wetlab_EXP5101,legacy_wetlab,49.0,68.60810661456878,4.971832710311127,19.608106614568783,384.4778450082961,all_cv
viability_percent,legacy_wetlab_EXP5106,legacy_wetlab,91.4,64.59968467062433,3.5625431493411233,26.80031532937568,718.2569017539689,all_cv
viability_percent,legacy_wetlab_EXP5111,legacy_wetlab,88.78,69.54161610606617,1.9822092914461036,19.23838389393383,370.1154148503726,all_cv
viability_percent,legacy_wetlab_EXP5204,legacy_wetlab,71.75,24.829690562025853,16.895149531791315,46.92030943797415,2201.515437755246,all_cv
viability_percent,legacy_wetlab_EXP5209,legacy_wetlab,60.43,68.7231947131215,16.26050478802631,8.293194713121501,68.77707854974642,all_cv
viability_percent,legacy_wetlab_EXP6103,legacy_wetlab,71.12,62.40370204129958,3.9533628777068617,8.716297958700423,75.97385010484516,all_cv
viability_percent,legacy_wetlab_EXP7102,legacy_wetlab,79.04,77.8094431933115,1.7287151890447947,1.2305568066885115,1.5142700544874268,all_cv
viability_percent,legacy_wetlab_EXP7107,legacy_wetlab,70.97,81.07334324443319,5.116971380325521,10.10334324443319,102.0775447148338,all_cv
viability_percent,legacy_wetlab_EXP7112,legacy_wetlab,41.07,55.9269048755569,9.41337854448286,14.8569048755569,220.72762248134637,all_cv
viability_percent,legacy_wetlab_EXP8105,legacy_wetlab,64.69,76.47507236701635,6.189481937286738,11.785072367016356,138.88793069581246,all_cv
viability_percent,legacy_wetlab_EXP9102,legacy_wetlab,70.72,75.76243072787659,2.5291588606002637,5.042430727876592,25.42610764543406,all_cv
viability_percent,legacy_wetlab_EXP9107,legacy_wetlab,61.47,58.635416500658366,5.106349274194699,2.8345834993416332,8.034863614739859,all_cv
viability_percent,v2_da5df4899b60,ROUND_001,43.34,54.243773671083,25.57298822458196,10.903773671082996,118.89228027020272,all_cv
viability_percent,v2_a3cd6cc2afa7,ROUND_002,57.3875,69.77719707854484,1.7521893942387732,12.389697078544842,153.50459369810258,all_cv
viability_percent,v2_3e8ef993abba,ROUND_002,65.5625,51.26342401038659,8.316189735691282,14.299075989613408,204.46357415673864,all_cv
viability_percent,v2_8f6028d7e59a,ROUND_003,41.0,54.239958159375526,25.57298814424368,13.239958159375526,175.29649206201455,all_cv
viability_percent,v2_4f4525f1566d,ROUND_003,36.0,40.7017197988816,15.612544594703817,4.701719798881598,22.106169067195214,all_cv
viability_percent,v2_afa1348627bc,ROUND_003,38.5,41.09095953253809,16.526136871038783,2.5909595325380934,6.713071299250015,all_cv
viability_percent,v2_6fb2fa9dc5d5,ROUND_004,58.35,31.685619883865275,4.417067620091356,26.664380116134726,710.989166977721,all_cv
viability_percent,v2_6fb2fa9dc5d5,ROUND_007,49.37,31.685619883865275,4.417067620091356,17.684380116134722,312.7373000919411,all_cv
viability_percent,v2_1d06992cb257,ROUND_004,35.825,15.7353044255725,2.731837093075556,20.089695574427505,403.595868273172,all_cv
viability_percent,v2_6886b09726ac,ROUND_004,30.2175,55.48223578014125,22.91715917205508,25.26473578014125,638.3068740403495,all_cv
viability_percent,v2_4673547a29eb,ROUND_006,6.8175,43.507706189238746,24.07429211419785,36.690206189238744,1346.171230208853,all_cv
viability_percent,v2_0edd7362eda9,ROUND_006,8.025,38.39571990328565,24.539248026793473,30.370719903285657,922.3806274438314,all_cv
viability_percent,v2_e579d58c9088,ROUND_006,8.125,54.24373067406742,25.57298822457382,46.11873067406742,2126.937318987167,all_cv
viability_percent,v2_e579d58c9088,ROUND_007,13.4225,54.24373067406742,25.57298822457382,40.82123067406742,1666.372873745423,all_cv
viability_percent,v2_c0858ec7c2c6,ROUND_007,24.2275,30.140170183307788,3.6632142512988097,5.912670183307789,34.95966869657696,all_cv
viability_percent,v2_7371aa062562,ROUND_007,50.095,52.631473158331424,25.454185375416824,2.5364731583314253,6.433696082935795,all_cv
viability_percent,v2_2df18f043f0c,ROUND_007,5.9925,54.21455383355143,25.572983082909428,48.22205383355143,2325.366475925932,all_cv
viability_percent,legacy_lit_2,legacy_literature,12.5,38.89114884120362,6.566987395590975,26.391148841203623,696.4927371585634,all_cv
viability_percent,legacy_lit_7,legacy_literature,82.14,63.99385758472802,20.052331165114953,18.14614241527198,329.28248455533287,all_cv
viability_percent,legacy_lit_10,legacy_literature,63.17777777777778,76.49828621127115,14.436087260527184,13.320508433493371,177.4359449267681,all_cv
viability_percent,legacy_lit_13,legacy_literature,86.8,51.29948356632597,11.209709035722014,35.50051643367403,1260.2866670575595,all_cv
viability_percent,legacy_lit_15,legacy_literature,89.8,36.678324738792895,17.917430209719296,53.1216752612071,2821.912382557143,all_cv
viability_percent,legacy_lit_22,legacy_literature,82.25,58.06930626163393,3.596805850686126,24.180693738366067,584.7059496686559,all_cv
viability_percent,legacy_lit_32,legacy_literature,20.0,51.29948356632597,11.209709035722014,31.299483566325968,979.6576715187092,all_cv
viability_percent,legacy_lit_33,legacy_literature,22.0,54.21091960917417,11.200236581082336,32.21091960917417,1037.543342068681,all_cv
viability_percent,legacy_lit_35,legacy_literature,80.0,58.06930626163393,3.596805850686126,21.930693738366067,480.95532784600863,all_cv
viability_percent,legacy_lit_38,legacy_literature,100.0,73.72850137908134,13.868876331051425,26.271498620918663,690.1916397889312,all_cv
viability_percent,legacy_lit_41,legacy_literature,51.5,44.53706689506337,22.03550184922741,6.962933104936631,48.48243742382248,all_cv
viability_percent,legacy_lit_47,legacy_literature,68.0,58.27154838187147,21.338384478189894,9.728451618128531,94.64277088626764,all_cv
viability_percent,legacy_lit_51,legacy_literature,64.1,55.259291027524384,25.16306124538626,8.84070897247561,78.15813513601077,all_cv
viability_percent,legacy_lit_56,legacy_literature,63.333333333333336,50.75818029785949,16.72295657114493,12.575153035473846,158.1344738655871,all_cv
viability_percent,legacy_lit_63,legacy_literature,80.0,71.68897300039906,13.351036328674464,8.31102699960094,69.07316978809581,all_cv
viability_percent,legacy_lit_76,legacy_literature,21.0,39.31743938083519,16.590616097127203,18.31743938083519,335.52858547057184,all_cv
viability_percent,legacy_lit_84,legacy_literature,82.5,55.66113980882627,25.22319933425911,26.83886019117373,720.3244163613699,all_cv
viability_percent,legacy_lit_89,legacy_literature,55.5,55.08547420601918,23.28697252584658,0.4145257939808218,0.1718316338754307,all_cv
viability_percent,legacy_lit_93,legacy_literature,61.8,54.49791420809047,25.225263401759715,7.302085791909526,53.320456912406975,all_cv
viability_percent,legacy_lit_98,legacy_literature,72.5,52.747080336830145,24.92330745446847,19.752919663169855,390.1778352196423,all_cv
viability_percent,legacy_lit_104,legacy_literature,67.0,38.897295788089096,6.571508249460068,28.102704211910904,789.7619840221548,all_cv
viability_percent,legacy_lit_116,legacy_literature,85.6,73.72850137908134,13.868876331051425,11.871498620918658,140.93247950647358,all_cv
viability_percent,legacy_lit_121,legacy_literature,79.8,53.97729455218104,25.284918192821173,25.82270544781896,666.8121166448191,all_cv
viability_percent,legacy_lit_134,legacy_literature,73.0,36.273950337545386,11.90107069297686,36.726049662454614,1348.8027238090826,all_cv
viability_percent,legacy_lit_195,legacy_literature,58.0,38.89924636851844,6.57046539584429,19.10075363148156,364.838789290556,all_cv
viability_percent,legacy_lit_204,legacy_literature,67.0,55.26904257113492,11.222335315457595,11.730957428865082,137.61536219784486,all_cv
viability_percent,legacy_lit_209,legacy_literature,70.0,35.074237803174825,21.646068319402925,34.925762196825175,1219.8088650291825,all_cv
viability_percent,legacy_lit_236,legacy_literature,83.4,54.970932775642034,25.28614441533114,28.429067224357972,808.2118632470647,all_cv
viability_percent,legacy_lit_254,legacy_literature,80.0,48.69602878122105,16.613166715994698,31.303971218778948,979.9386140661408,all_cv
viability_percent,legacy_lit_259,legacy_literature,7.0,35.128593436109234,20.027971734630857,28.12859343610923,791.2177686939275,all_cv
viability_percent,legacy_lit_274,legacy_literature,18.0,46.43747295525142,24.85099175703421,28.437472955251422,808.6898680806561,all_cv
viability_percent,legacy_lit_281,legacy_literature,74.0,27.952208181844313,14.942273477536707,46.04779181815569,2120.399131328206,all_cv
viability_percent,legacy_lit_299,legacy_literature,62.666666666666664,38.89924636851844,6.57046539584429,23.767420298148224,564.8902676288282,all_cv
viability_percent,legacy_lit_309,legacy_literature,99.0,75.53994358121761,13.553454224961158,23.460056418782383,550.3742471724527,all_cv
viability_percent,legacy_lit_315,legacy_literature,10.0,55.86922116689696,24.350116603463608,45.86922116689696,2103.985450457708,all_cv
viability_percent,legacy_lit_341,legacy_literature,81.0,54.499943548387094,25.28969921957232,26.500056451612902,702.2529919386708,all_cv
viability_percent,legacy_lit_354,legacy_literature,73.8,58.87308725722031,20.033014178536806,14.926912742779685,222.8127240305585,all_cv
viability_percent,legacy_lit_359,legacy_literature,47.6,52.41375287745717,20.47612151569193,4.813752877457169,23.172216765227176,all_cv
viability_percent,legacy_lit_363,legacy_literature,69.0,53.73843928759264,21.67455063958629,15.26156071240736,232.91523537849585,all_cv
viability_percent,legacy_lit_372,legacy_literature,22.5,38.87138761574793,6.568604894808241,16.371387615747928,268.0223324650646,all_cv
viability_percent,legacy_wetlab_EXP104,legacy_wetlab,29.7,26.195276555191683,10.213042162854796,3.5047234448083167,12.283086424589074,all_cv
viability_percent,legacy_wetlab_EXP202,legacy_wetlab,32.42,41.30938434730899,20.133059155076232,8.88938434730899,79.02115407418208,all_cv
viability_percent,legacy_wetlab_EXP305,legacy_wetlab,72.93,53.558730028580065,5.134159276416482,19.37126997141994,375.24610030563593,all_cv
viability_percent,legacy_wetlab_EXP1103,legacy_wetlab,26.68,54.4999186117502,25.289699219529112,27.819918611750204,773.9478715644054,all_cv
viability_percent,legacy_wetlab_EXP1202,legacy_wetlab,28.41,53.912909976351294,25.280149316846355,25.502909976351297,650.3984172618783,all_cv
viability_percent,legacy_wetlab_EXP2101,legacy_wetlab,28.99,51.291512985562555,24.99387819680819,22.301512985562557,497.35748144521534,all_cv
viability_percent,legacy_wetlab_EXP2106,legacy_wetlab,34.8,46.822244148356745,23.417134126419235,12.022244148356748,144.53435436269805,all_cv
viability_percent,legacy_wetlab_EXP3104,legacy_wetlab,49.99,57.67824364861307,24.688304017999467,7.688243648613074,59.10909040043928,all_cv
viability_percent,legacy_wetlab_EXP4101,legacy_wetlab,62.32,65.775277464419,2.279697260536707,3.455277464419005,11.93894235612183,all_cv
viability_percent,legacy_wetlab_EXP4106,legacy_wetlab,71.59,49.48641060459609,6.541606885926363,22.103589395403915,488.5686641606124,all_cv
viability_percent,legacy_wetlab_EXP5105,legacy_wetlab,91.2,77.81754443971494,1.943886033026844,13.382455560285068,179.0901168230047,all_cv
viability_percent,legacy_wetlab_EXP5110,legacy_wetlab,95.15,67.8464277128343,1.3961714733745016,27.303572287165707,745.4850596404832,all_cv
viability_percent,legacy_wetlab_EXP5203,legacy_wetlab,59.95,55.950011240431664,23.784874895798765,3.999988759568339,15.99991007667306,all_cv
viability_percent,legacy_wetlab_EXP5208,legacy_wetlab,12.02,53.13627469367198,25.28511777976059,41.11627469367198,1690.548044685491,all_cv
viability_percent,legacy_wetlab_EXP6102,legacy_wetlab,73.88,75.36505198262498,3.197859775830849,1.4850519826249808,2.2053793910983863,all_cv
viability_percent,legacy_wetlab_EXP7101,legacy_wetlab,72.98,79.48217676741245,2.374453181028704,6.50217676741245,42.278302714678226,all_cv
viability_percent,legacy_wetlab_EXP7106,legacy_wetlab,74.55,78.47828070711464,2.363806734064298,3.928280707114638,15.43138931388908,all_cv
viability_percent,legacy_wetlab_EXP7111,legacy_wetlab,35.29,66.48427043762106,18.999095826167157,31.194270437621064,973.0825081354394,all_cv
viability_percent,legacy_wetlab_EXP8104,legacy_wetlab,58.76,57.70579122635272,10.238058234903797,1.0542087736472825,1.1113561384349069,all_cv
viability_percent,legacy_wetlab_EXP9101,legacy_wetlab,75.43,71.46060147871344,2.9240414743514327,3.969398521286564,15.756124620791962,all_cv
viability_percent,legacy_wetlab_EXP9106,legacy_wetlab,67.06,71.21461370783842,4.906396498604466,4.154613707838422,17.260815061358922,all_cv
viability_percent,v2_e0e6b16a3f20,ROUND_001,26.53,54.49877402291784,25.289699209944697,27.968774022917835,782.2523203450435,all_cv
viability_percent,v2_e0e6b16a3f20,ROUND_002,30.4375,54.49877402291784,25.289699209944697,24.061274022917836,578.9449076059407,all_cv
viability_percent,v2_b9ae21107fa4,ROUND_001,15.93,54.49991805354532,25.289699219545,38.56991805354532,1487.6385786572014,all_cv
viability_percent,v2_a2b4c2d7b0b6,ROUND_001,24.39,54.49932585728697,25.28969919286049,30.10932585728697,906.5715035802896,all_cv
viability_percent,v2_fc5b4c04eee9,ROUND_002,56.2875,77.98488234084144,3.587014248602432,21.697382340841436,470.7764004446578,all_cv
viability_percent,v2_d93bf1a562c8,ROUND_003,29.0,54.499856050817726,25.28969921951713,25.499856050817726,650.2426586124254,all_cv
viability_percent,v2_27a2b16cc327,ROUND_003,53.0,69.0342366282891,12.168781192385246,16.034236628289094,257.0967442519676,all_cv
viability_percent,v2_3db5f7aa7cdd,ROUND_003,38.0,39.83828243206527,15.85934706940756,1.8382824320652704,3.379282300039805,all_cv
viability_percent,v2_0e9e2b605ce7,ROUND_004,50.515,77.97307892028121,10.576975917107768,27.45807892028121,753.9460979923913,all_cv
viability_percent,v2_8d9d8b0a7098,ROUND_004,50.6025,76.06312683294432,16.76135305078461,25.46062683294432,648.2435187264443,all_cv
viability_percent,v2_eb8bb8b8618f,ROUND_004,52.8825,57.46426150823231,20.643403360247067,4.5817615082323115,20.992538518319225,all_cv
viability_percent,v2_4da335e6bc9d,ROUND_004,10.1075,54.49887543535885,25.289699216161644,44.391375435358846,1970.5942130429808,all_cv
viability_percent,v2_1be28fc1c3ad,ROUND_005,53.3425,53.051844378712616,6.171547182395927,0.2906556212873852,0.0844806901859558,all_cv
viability_percent,v2_445849cbfa02,ROUND_006,10.96,54.49214051412606,25.289698950830086,43.53214051412606,1895.047257741616,all_cv
viability_percent,v2_655dce03a47b,ROUND_007,57.5075,55.70484269740054,12.378914239721318,1.8026573025994637,3.2495733506151745,all_cv
viability_percent,v2_724742f4ebc1,ROUND_007,12.6675,54.48626134780355,25.28969840385778,41.81876134780356,1748.808800664549,all_cv
viability_percent,v2_adfd2284b7fb,ROUND_007,8.127500000000001,54.433685255206974,25.289675590111276,46.30618525520697,2144.262792889547,all_cv
viability_percent,legacy_lit_1,legacy_literature,96.0,65.2029601153734,19.083790892187913,30.7970398846266,948.4576656552816,all_cv
viability_percent,legacy_lit_4,legacy_literature,81.43333333333332,74.04563267927035,12.970902468182668,7.387700654062968,54.5781209540424,all_cv
viability_percent,legacy_lit_6,legacy_literature,83.0,69.97566637509755,17.070000092531647,13.024333624902454,169.6332663727647,all_cv
viability_percent,legacy_lit_8,legacy_literature,69.625,64.12334279713932,9.373046136544492,5.5016572028606845,30.26823197778885,all_cv
viability_percent,legacy_lit_27,legacy_literature,70.0,53.817882203502144,12.003336638326042,16.182117796497856,261.8609363797326,all_cv
viability_percent,legacy_lit_29,legacy_literature,58.0,74.05092244510169,12.970769984406946,16.05092244510169,257.63211133866923,all_cv
viability_percent,legacy_lit_34,legacy_literature,50.0,56.106224077471104,4.519955116976811,6.106224077471104,37.28597248428784,all_cv
viability_percent,legacy_lit_46,legacy_literature,65.0,51.95649209858009,18.814100605572303,13.043507901419908,170.13309837440357,all_cv
viability_percent,legacy_lit_50,legacy_literature,70.6,59.88485346743612,23.75980352243422,10.715146532563873,114.81436521431554,all_cv
viability_percent,legacy_lit_55,legacy_literature,58.0,51.1821699018783,7.717541162699368,6.8178300981217035,46.4828072468542,all_cv
viability_percent,legacy_lit_69,legacy_literature,92.0,64.34520810256583,19.893376295676394,27.65479189743417,764.7875148903904,all_cv
viability_percent,legacy_lit_75,legacy_literature,83.0,49.79034276451487,20.968955291899277,33.20965723548513,1102.88133369841,all_cv
viability_percent,legacy_lit_88,legacy_literature,69.7,43.49335072270922,13.78221378715017,26.20664927729078,686.7884663429253,all_cv
viability_percent,legacy_lit_92,legacy_literature,72.1,52.34196289153072,25.18404895153922,19.75803710846927,390.3800303796489,all_cv
viability_percent,legacy_lit_97,legacy_literature,70.5,35.249060851270755,22.512694051186077,35.250939148729245,1242.628710867412,all_cv
viability_percent,legacy_lit_103,legacy_literature,68.0,51.25250597652301,7.732298624444632,16.747494023476996,280.4785560663977,all_cv
viability_percent,legacy_lit_115,legacy_literature,86.0,62.13558539180817,4.881375626318936,23.86441460819183,569.5102845916796,all_cv
viability_percent,legacy_lit_120,legacy_literature,40.0,43.918019432522826,21.77489590773243,3.9180194325228257,15.350876273626485,all_cv
viability_percent,legacy_lit_129,legacy_literature,56.0,53.155716284588955,19.088733163050833,2.844283715411045,8.089949853752458,all_cv
viability_percent,legacy_lit_133,legacy_literature,68.0,50.44718555648987,21.25750139928953,17.55281444351013,308.10129488829784,all_cv
viability_percent,legacy_lit_138,legacy_literature,0.0,52.74669567081658,25.499703836448223,52.74669567081658,2782.2139041897403,all_cv
viability_percent,legacy_lit_194,legacy_literature,55.0,51.25407852980026,7.731926078841244,3.745921470199739,14.03192766090338,all_cv
viability_percent,legacy_lit_199,legacy_literature,80.0,51.25407852980026,7.731926078841244,28.74592147019974,826.3280011708904,all_cv
viability_percent,legacy_lit_203,legacy_literature,63.0,60.33884627320131,3.364012934377557,2.6611537267986876,7.081739157654543,all_cv
viability_percent,legacy_lit_208,legacy_literature,78.0,53.831465025475055,21.4707643890344,24.168534974524945,584.1180828148355,all_cv
viability_percent,legacy_lit_218,legacy_literature,65.0,53.97550116565862,25.636334120017914,11.02449883434138,121.53957454839444,all_cv
viability_percent,legacy_lit_235,legacy_literature,80.0,42.95660420999064,25.07778374285561,37.04339579000936,1372.2131716552833,all_cv
viability_percent,legacy_lit_253,legacy_literature,60.0,45.718515983335976,17.610983979431403,14.281484016664024,203.96078571822997,all_cv
viability_percent,legacy_lit_258,legacy_literature,78.0,38.95233814863537,24.33840168857668,39.04766185136463,1524.7198960585167,all_cv
viability_percent,legacy_lit_278,legacy_literature,40.0,54.49474160667746,25.619548524458796,14.494741606677458,210.0975342443466,all_cv
viability_percent,legacy_lit_308,legacy_literature,83.0,54.22497972376087,24.61437123041285,28.775020276239132,828.0017918979732,all_cv
viability_percent,legacy_lit_314,legacy_literature,10.0,53.03705485032362,15.399297429766744,43.03705485032362,1852.188090189764,all_cv
viability_percent,legacy_lit_319,legacy_literature,80.0,74.60235512416148,13.720604442849847,5.397644875838523,29.134570205665867,all_cv
viability_percent,legacy_lit_329,legacy_literature,61.666666666666664,60.36451928179769,17.970905245905687,1.3021473848689735,1.6955878119211072,all_cv
viability_percent,legacy_lit_349,legacy_literature,70.0,56.44530167730807,17.730836993993634,13.554698322691928,183.72984661918733,all_cv
viability_percent,legacy_lit_353,legacy_literature,72.0,57.75750580969538,17.841881618086227,14.24249419030462,202.84864076086083,all_cv
viability_percent,legacy_lit_358,legacy_literature,42.4,50.17400418160535,21.257306426187515,7.774004181605349,60.435141015617454,all_cv
viability_percent,legacy_lit_362,legacy_literature,55.3,52.79628012951935,20.41755386117588,2.5037198704806443,6.2686131898396145,all_cv
viability_percent,legacy_lit_370,legacy_literature,90.0,54.68086395423159,25.60092567018517,35.31913604576841,1247.4413710194974,all_cv
viability_percent,legacy_lit_376,legacy_literature,86.05,74.0585926258372,12.96967730148636,11.99140737416279,143.79385081312574,all_cv
viability_percent,legacy_wetlab_EXP103,legacy_wetlab,7.44,35.23554307333206,11.242587090357384,27.79554307333206,772.5922147414578,all_cv
viability_percent,legacy_wetlab_EXP201,legacy_wetlab,9.78,22.896170912350065,5.123036695029992,13.116170912350062,172.03393940197788,all_cv
viability_percent,legacy_wetlab_EXP206,legacy_wetlab,58.73,49.02605650187293,22.98092654781485,9.703943498127067,94.16651941484258,all_cv
viability_percent,legacy_wetlab_EXP304,legacy_wetlab,53.19,40.619536428834984,18.494528388930792,12.570463571165014,158.01655439398667,all_cv
viability_percent,legacy_wetlab_EXP1102,legacy_wetlab,6.9,34.355802987543385,18.895441329027715,27.455802987543382,753.8211176907963,all_cv
viability_percent,legacy_wetlab_EXP1201,legacy_wetlab,31.9,54.683680616486136,25.375202844795577,22.783680616486137,519.0961024340461,all_cv
viability_percent,legacy_wetlab_EXP2105,legacy_wetlab,8.66,49.64559485551855,25.35359338403333,40.98559485551856,1679.8189856607091,all_cv
viability_percent,legacy_wetlab_EXP3103,legacy_wetlab,32.75,46.68561945052972,17.408901747053836,13.93561945052972,194.20148946998228,all_cv
viability_percent,legacy_wetlab_EXP3108,legacy_wetlab,35.08,54.087533277532145,7.363748354978302,19.007533277532147,361.286321296492,all_cv
viability_percent,legacy_wetlab_EXP4105,legacy_wetlab,78.31,73.20608847293836,2.445665642555405,5.103911527061641,26.04991287607269,all_cv
viability_percent,legacy_wetlab_EXP5104,legacy_wetlab,92.63,73.03514977648932,1.868193241375967,19.594850223510676,383.9581552818164,all_cv
viability_percent,legacy_wetlab_EXP5109,legacy_wetlab,94.32,67.59355091667,1.4883790810883144,26.726449083329996,714.3030806038308,all_cv
viability_percent,legacy_wetlab_EXP5202,legacy_wetlab,29.46,34.21873703691947,14.34218015621606,4.75873703691947,22.6455781865491,all_cv
viability_percent,legacy_wetlab_EXP5207,legacy_wetlab,48.34,53.87199907002476,25.634779754392284,5.53199907002476,30.603013710754812,all_cv
viability_percent,legacy_wetlab_EXP6101,legacy_wetlab,74.16,65.3941925689839,2.7854881770791313,8.7658074310161,76.83937991765707,all_cv
viability_percent,legacy_wetlab_EXP6106,legacy_wetlab,71.41,54.93869197113037,3.8682218944299382,16.47130802886963,271.3039881819051,all_cv
viability_percent,legacy_wetlab_EXP7105,legacy_wetlab,73.57,66.96466623573609,1.514724668924749,6.605333764263904,43.63043413732475,all_cv
viability_percent,legacy_wetlab_EXP7110,legacy_wetlab,50.31,43.57698013457979,13.262636706602212,6.733019865420211,45.33355650814319,all_cv
viability_percent,legacy_wetlab_EXP8103,legacy_wetlab,69.97,68.54544229783359,2.7176261094615266,1.4245577021664104,2.029364646801643,all_cv
viability_percent,legacy_wetlab_EXP8108,legacy_wetlab,39.82,60.08957469444932,3.3774828417375784,20.26957469444932,410.8556582938602,all_cv
viability_percent,legacy_wetlab_EXP9105,legacy_wetlab,75.16,77.41309919035159,4.489061144866534,2.253099190351591,5.076455961562996,all_cv
viability_percent,v2_237544a25f30,ROUND_001,69.21,65.08992702208704,16.428493304564054,4.120072977912955,16.975001343328522,all_cv
viability_percent,v2_19eed4dca0d3,ROUND_001,35.84,53.99745760774736,25.636347931045545,18.15745760774736,329.6932667771425,all_cv
viability_percent,v2_655729013931,ROUND_002,64.9,64.09315662758362,4.728052668450394,0.806843372416381,0.650996227612239,all_cv
viability_percent,v2_8a721b7d8f1c,ROUND_002,63.9975,55.6804339862638,10.793972239613648,8.317066013736202,69.17358707684579,all_cv
viability_percent,v2_384020959c42,ROUND_002,21.375,50.26738117936795,23.711183060995552,28.892381179367952,834.7696902138954,all_cv
viability_percent,v2_430e18c49d10,ROUND_003,65.0,47.83307452215095,10.1224787168544,17.16692547784905,294.70333036202277,all_cv
viability_percent,v2_4aeffae55153,ROUND_003,48.5,54.411966166382,23.95307777378308,5.911966166382001,34.9513439524455,all_cv
viability_percent,v2_0a63a12b60f3,ROUND_003,38.0,37.91578299055081,14.121785005592631,0.0842170094491905,0.007092504680565,all_cv
viability_percent,v2_d9aaefea702e,ROUND_005,9.2925,30.02724055060778,9.039784414271482,20.73474055060778,429.92946570101856,all_cv
viability_percent,v2_d9aaefea702e,ROUND_006,28.4675,30.02724055060778,9.039784414271482,1.5597405506077775,2.432790585210254,all_cv
viability_percent,v2_711df1b41503,ROUND_005,48.3325,60.194002655889385,14.06481280393952,11.861502655889382,140.69524525567087,all_cv
viability_percent,v2_ea8a9ce5fcb2,ROUND_006,48.9925,59.58126438675502,14.28008976957102,10.588764386755017,112.12193123821136,all_cv
viability_percent,v2_b7e07e99afa8,ROUND_006,40.6125,14.265528325298533,2.7719420519227076,26.346971674701464,694.1629164275213,all_cv
viability_percent,v2_fb629591d74c,ROUND_006,40.18,57.493543789084015,5.698577852843892,17.313543789084015,299.7587985365297,all_cv
viability_percent,v2_d880ac9c9187,ROUND_007,21.47,21.72637801042442,5.730333466882165,0.2563780104244202,0.0657296842291841,all_cv
viability_percent,v2_a1a1ae0b19bb,ROUND_007,13.4975,53.99211031962089,25.63634787314332,40.49461031962089,1639.8134649379467,all_cv
viability_percent,v2_acaa3c7de271,ROUND_007,21.485,53.966828346761325,25.636337982018233,32.481828346761326,1055.0691727484675,all_cv
viability_percent,legacy_lit_5,legacy_literature,84.5,63.01429878654056,14.507217711466543,21.485701213459436,461.63535663405224,all_cv
viability_percent,legacy_lit_12,legacy_literature,95.2,70.03360067277262,17.333415343640873,25.16639932722738,633.3476550974708,all_cv
viability_percent,legacy_lit_19,legacy_literature,92.35,34.3001937838027,12.149170117785475,58.0498062161973,3369.780001738058,all_cv
viability_percent,legacy_lit_37,legacy_literature,100.0,67.44574537400577,6.937438456465569,32.55425462599423,1059.779494254067,all_cv
viability_percent,legacy_lit_39,legacy_literature,80.0,74.13487138697347,10.403325458824972,5.865128613026528,34.39973364734248,all_cv
viability_percent,legacy_lit_45,legacy_literature,28.0,55.36772233312228,19.278079707828457,27.36772233312228,748.9922257028801,all_cv
viability_percent,legacy_lit_54,legacy_literature,65.0,34.186937052780706,6.16476560658994,30.813062947219297,949.4448481892986,all_cv
viability_percent,legacy_lit_59,legacy_literature,77.0,50.119522912644605,22.35655680055532,26.880477087355395,722.5600484438384,all_cv
viability_percent,legacy_lit_68,legacy_literature,74.0,36.98160560934527,13.273007793553642,37.01839439065473,1370.3615232620573,all_cv
viability_percent,legacy_lit_74,legacy_literature,78.0,50.69922130170049,23.808564099747127,27.30077869829951,745.3325175335243,all_cv
viability_percent,legacy_lit_79,legacy_literature,38.0,45.393067863622925,21.31110767626992,7.393067863622925,54.65745243613404,all_cv
viability_percent,legacy_lit_87,legacy_literature,49.3,23.497141741960792,15.070374410922854,25.802858258039205,665.787494284462,all_cv
viability_percent,legacy_lit_91,legacy_literature,53.2,48.21178398844984,24.1469027690119,4.988216011550165,24.882298977885434,all_cv
viability_percent,legacy_lit_96,legacy_literature,64.3,53.49484150859079,23.249392417955384,10.805158491409207,116.75145002447252,all_cv
viability_percent,legacy_lit_102,legacy_literature,43.0,34.163908771066964,6.195588682939502,8.836091228933036,78.07650820602733,all_cv
viability_percent,legacy_lit_114,legacy_literature,87.56,53.44204603546518,4.448053361173715,34.11795396453482,1164.034782726117,all_cv
viability_percent,legacy_lit_128,legacy_literature,80.0,49.909315907756046,4.1256235819285925,30.09068409224395,905.4492691392234,all_cv
viability_percent,legacy_lit_132,legacy_literature,38.0,36.76031840733437,5.9493300439270635,1.239681592665633,1.5368104511940006,all_cv
viability_percent,legacy_lit_137,legacy_literature,70.0,50.01988988948177,17.43601600080984,19.980110110518233,399.2048000284329,all_cv
viability_percent,legacy_lit_198,legacy_literature,86.0,34.168139370707976,6.170586240886192,51.831860629292024,2686.5417762943525,all_cv
viability_percent,legacy_lit_202,legacy_literature,65.0,76.78986103499824,11.768689119297065,11.78986103499824,139.00082322456976,all_cv
viability_percent,legacy_lit_207,legacy_literature,70.0,44.84354877503276,15.372995880453413,25.15645122496724,632.8470382341559,all_cv
viability_percent,legacy_lit_215,legacy_literature,78.33333333333333,54.162793128214666,25.469163184435512,24.170540205118662,584.2150138072577,all_cv
viability_percent,legacy_lit_225,legacy_literature,38.0,37.05341491582081,19.138402330868047,0.9465850841791904,0.8960233215905252,all_cv
viability_percent,legacy_lit_252,legacy_literature,17.0,31.306761414768907,11.03505803691892,14.306761414768909,204.6834221791204,all_cv
viability_percent,legacy_lit_257,legacy_literature,62.0,50.50255560224189,22.285202358956862,11.497444397758107,132.1912276795393,all_cv
viability_percent,legacy_lit_262,legacy_literature,80.0,10.736313904723232,13.688505597008056,69.26368609527677,4797.458211505036,all_cv
viability_percent,legacy_lit_277,legacy_literature,84.0,54.402834439007805,25.42640609594172,29.597165560992195,875.9922092447824,all_cv
viability_percent,legacy_lit_289,legacy_literature,94.0,54.05014941165454,25.467910688357385,39.94985058834546,1595.9905620311265,all_cv
viability_percent,legacy_lit_306,legacy_literature,99.0,34.177838348673205,6.1650395438873815,64.8221616513268,4201.912641150742,all_cv
viability_percent,legacy_lit_313,legacy_literature,10.0,57.749688013403826,19.093843402233507,47.749688013403826,2280.0327053774013,all_cv
viability_percent,legacy_lit_318,legacy_literature,38.0,61.88367534628526,4.469569851079982,23.88367534628526,570.4299480467542,all_cv
viability_percent,legacy_lit_326,legacy_literature,74.33333333333333,74.78373679890369,16.139457001162725,0.4504034655703606,0.202863281797791,all_cv
viability_percent,legacy_lit_339,legacy_literature,84.3,54.28129980342206,25.469242091219925,30.01870019657794,901.1223614920284,all_cv
viability_percent,legacy_lit_347,legacy_literature,69.5,64.1314908638595,17.338448664454255,5.368509136140503,28.820890344824047,all_cv
viability_percent,legacy_lit_352,legacy_literature,69.6,57.66618145711111,20.05731434629433,11.933818542888886,142.41602501459863,all_cv
viability_percent,legacy_lit_357,legacy_literature,74.9,55.443830847547275,19.73346800265055,19.45616915245273,378.5425180888532,all_cv
viability_percent,legacy_lit_361,legacy_literature,50.3,51.751615349834125,21.039152094445583,1.4516153498341282,2.1071871238740583,all_cv
viability_percent,legacy_lit_375,legacy_literature,81.3,58.14328580539589,3.509091546334753,23.156714194604103,536.2334122905793,all_cv
viability_percent,legacy_wetlab_EXP102,legacy_wetlab,38.14,36.41641191603051,4.793282327165731,1.7235880839694886,2.9707558832016128,all_cv
viability_percent,legacy_wetlab_EXP205,legacy_wetlab,63.31,50.532869054713856,23.071569078869107,12.777130945286146,163.25507519298884,all_cv
viability_percent,legacy_wetlab_EXP303,legacy_wetlab,6.5,51.76160729536182,25.359727527868344,45.26160729536182,2048.6130949595504,all_cv
viability_percent,legacy_wetlab_EXP1101,legacy_wetlab,15.27,47.80476424284297,5.640421776271607,32.53476424284297,1058.5108843373737,all_cv
viability_percent,legacy_wetlab_EXP1106,legacy_wetlab,48.85,60.0240152698944,12.627847880396692,11.174015269894396,124.85861725183317,all_cv
viability_percent,legacy_wetlab_EXP1206,legacy_wetlab,36.12,48.86869258761328,22.123373398085157,12.748692587613284,162.5291626934659,all_cv
viability_percent,legacy_wetlab_EXP2104,legacy_wetlab,53.4,39.36708457542569,16.680765243962814,14.032915424574306,196.92271531325545,all_cv
viability_percent,legacy_wetlab_EXP3102,legacy_wetlab,51.94,53.51943811541692,25.45114645622437,1.57943811541692,2.494624760431752,all_cv
viability_percent,legacy_wetlab_EXP3107,legacy_wetlab,63.25,42.179105160640674,5.749951836618226,21.07089483935933,443.98260933133946,all_cv
viability_percent,legacy_wetlab_EXP4104,legacy_wetlab,76.91,61.24724371149309,2.7149148384469597,15.662756288506904,245.3219345531626,all_cv
viability_percent,legacy_wetlab_EXP5103,legacy_wetlab,72.48,55.33057634348291,7.088159856687268,17.149423656517094,294.10273175070813,all_cv
viability_percent,legacy_wetlab_EXP5108,legacy_wetlab,59.17,38.35347813779502,3.795266209947435,20.81652186220498,433.3275824396579,all_cv
viability_percent,legacy_wetlab_EXP5201,legacy_wetlab,27.08,54.2451905117797,25.46906284853915,27.1651905117797,737.9475755412858,all_cv
viability_percent,legacy_wetlab_EXP5206,legacy_wetlab,13.35,53.817776857711834,25.43533406575241,40.46777685771183,1637.6409638055577,all_cv
viability_percent,legacy_wetlab_EXP5211,legacy_wetlab,7.39,52.27635839681601,23.829611410852493,44.88635839681601,2014.7851701274149,all_cv
viability_percent,legacy_wetlab_EXP6105,legacy_wetlab,53.08,57.0516583263099,25.102666452917575,3.9716583263099,15.774069860946751,all_cv
viability_percent,legacy_wetlab_EXP7104,legacy_wetlab,75.91,78.46253080621017,3.042649463485722,2.5525308062101715,6.515413516651948,all_cv
viability_percent,legacy_wetlab_EXP7109,legacy_wetlab,11.49,59.55547360467171,22.487351798113153,48.06547360467171,2310.289752841393,all_cv
viability_percent,legacy_wetlab_EXP8102,legacy_wetlab,71.7,68.20730464366017,2.5001717258599174,3.492695356339837,12.198920852197862,all_cv
viability_percent,legacy_wetlab_EXP8107,legacy_wetlab,54.64,42.565179643497835,10.163049489945676,12.074820356502164,145.8012866417991,all_cv
viability_percent,legacy_wetlab_EXP9104,legacy_wetlab,74.92,63.55547162196208,3.2125095026073702,11.364528378037924,129.1525052552293,all_cv
viability_percent,v2_21a3a498433e,ROUND_001,36.22,56.7710524377876,22.977363933554035,20.551052437787604,422.3457563006958,all_cv
viability_percent,v2_4a0cb1ead8d1,ROUND_001,60.33,54.27633407965111,25.469243628728673,6.053665920348891,36.64687107519359,all_cv
viability_percent,v2_a803deb82ca6,ROUND_001,28.72,54.27450942532265,25.46924361046994,25.55450942532265,653.0329519689042,all_cv
viability_percent,v2_42188f45e98a,ROUND_002,38.805,50.544368327873514,5.324046613617821,11.739368327873514,137.8127687374798,all_cv
viability_percent,v2_34d667ff4762,ROUND_002,63.88,69.16312930328456,1.776992757857452,5.283129303284561,27.911455235224008,all_cv
viability_percent,v2_b2c883db5caf,ROUND_002,43.185,54.15466780676966,25.469081073070083,10.969667806769657,120.3336117908786,all_cv
viability_percent,v2_84c11063c325,ROUND_003,44.5,54.07036879024793,25.467902561241196,9.570368790247931,91.59195878135168,all_cv
viability_percent,v2_ced63818bdd1,ROUND_004,32.885,45.57960627423025,24.637627284407195,12.694606274230251,161.1530284577261,all_cv
viability_percent,v2_6005e837cd4b,ROUND_004,28.365,54.189443330936506,25.46919139814638,25.824443330936504,666.9018733527508,all_cv
viability_percent,v2_e5b28bf5a066,ROUND_004,40.4675,10.270579875085986,15.088791897908065,30.196920124914016,911.8539850304372,all_cv
viability_percent,v2_f3bcb989040c,ROUND_005,59.182500000000005,58.77721901294421,8.166573064566064,0.4052809870557965,0.1642526784689207,all_cv
viability_percent,v2_88865d95334d,ROUND_005,1.365,35.503074154598025,21.570685063807087,34.13807415459802,1165.4081069848337,all_cv
viability_percent,v2_88865d95334d,ROUND_006,15.755,35.503074154598025,21.570685063807087,19.748074154598022,389.9864328155024,all_cv
viability_percent,v2_011eef292ff1,ROUND_005,31.85,31.013536005163417,5.136819620827453,0.8364639948365813,0.6996720146579722,all_cv
viability_percent,v2_13f1ff7a70b9,ROUND_006,53.7125,63.75146818571191,5.249720717115711,10.038968185711909,100.78088223373584,all_cv
viability_percent,v2_9d3ceb7016d5,ROUND_006,10.6,45.06276555709379,24.998070103444295,34.46276555709379,1187.68220984321,all_cv
viability_percent,v2_6f20e63adb1d,ROUND_007,48.9975,64.65619881907878,11.082814843603789,15.65869881907878,245.19484870661915,all_cv
viability_percent,legacy_lit_18,legacy_literature,94.18,37.39106933094634,11.540044717055476,56.78893066905367,3224.9826465345845,all_cv
viability_percent,legacy_lit_30,legacy_literature,10.0,33.25392142154978,6.499312988181655,23.253921421549776,540.7448614796116,all_cv
viability_percent,legacy_lit_44,legacy_literature,22.0,55.68739472901415,19.59848696197642,33.68739472901415,1134.8405636284103,all_cv
viability_percent,legacy_lit_49,legacy_literature,88.5,60.530814562660545,22.759564307244027,27.969185437339455,782.2753340282815,all_cv
viability_percent,legacy_lit_53,legacy_literature,56.0,33.19946392145596,6.495604495958238,22.80053607854404,519.8644454689885,all_cv
viability_percent,legacy_lit_58,legacy_literature,50.0,55.17575804330391,25.002322309265537,5.175758043303908,26.7884713228251,all_cv
viability_percent,legacy_lit_67,legacy_literature,56.0,43.34200343351674,17.424707323634554,12.657996566483265,160.22487707710206,all_cv
viability_percent,legacy_lit_71,legacy_literature,76.0,49.230294748506054,16.84891483508755,26.769705251493946,716.6171192518625,all_cv
viability_percent,legacy_lit_78,legacy_literature,36.0,38.0994107623185,18.41990791727605,2.0994107623184988,4.40752554893874,all_cv
viability_percent,legacy_lit_86,legacy_literature,5.7,21.95284163107427,6.448053703577058,16.252841631074272,264.154861084781,all_cv
viability_percent,legacy_lit_90,legacy_literature,4.6,55.10243053048366,25.00360682064305,50.50243053048366,2550.4954894863276,all_cv
viability_percent,legacy_lit_95,legacy_literature,69.2,56.79730608650729,21.551141585620833,12.402693913492712,153.82681631178917,all_cv
viability_percent,legacy_lit_101,legacy_literature,77.0,33.261006475432595,6.490808137088332,43.738993524567405,1913.0995545421497,all_cv
viability_percent,legacy_lit_112,legacy_literature,31.883333333333336,33.25392142154978,6.499312988181655,1.37058808821644,1.878511707560796,all_cv
viability_percent,legacy_lit_119,legacy_literature,40.0,52.49194918503501,24.596689688192622,12.491949185035004,156.0487944414967,all_cv
viability_percent,legacy_lit_127,legacy_literature,70.0,52.06502499085,4.2131638048010975,17.93497500915,321.6633285788351,all_cv
viability_percent,legacy_lit_131,legacy_literature,32.0,39.52788158538918,6.399461817808602,7.527881585389181,56.66900116364153,all_cv
viability_percent,legacy_lit_136,legacy_literature,40.0,52.79569592259119,24.49241424434657,12.795695922591191,163.7298341434169,all_cv
viability_percent,legacy_lit_197,legacy_literature,83.0,33.25392142154978,6.499312988181655,49.74607857845022,2474.6723339333444,all_cv
viability_percent,legacy_lit_200,legacy_literature,80.0,33.25392142154978,6.499312988181655,46.74607857845022,2185.1958624626427,all_cv
viability_percent,legacy_lit_206,legacy_literature,70.0,43.45839331892898,18.546330998179293,26.541606681071023,704.456885212674,all_cv
viability_percent,legacy_lit_212,legacy_literature,69.66666666666667,53.945779565471206,24.864796106636923,15.720887101195466,247.14629124853397,all_cv
viability_percent,legacy_lit_224,legacy_literature,91.0,68.43551543885727,20.458283853169412,22.564484561142734,509.1559635100488,all_cv
viability_percent,legacy_lit_251,legacy_literature,5.0,28.32210264198487,10.527067257362104,23.32210264198487,543.9204716432777,all_cv
viability_percent,legacy_lit_256,legacy_literature,30.666666666666668,39.5751547153455,19.91180454963772,8.90848804867883,79.36115931345356,all_cv
viability_percent,legacy_lit_261,legacy_literature,75.0,30.711764222221795,7.845402356096687,44.288235777778205,1961.4478283080737,all_cv
viability_percent,legacy_lit_276,legacy_literature,78.0,37.74812874384748,8.143374749743124,40.25187125615252,1620.2131396218774,all_cv
viability_percent,legacy_lit_288,legacy_literature,82.0,36.946162475559234,19.31975985230255,45.053837524440766,2029.8482756787068,all_cv
viability_percent,legacy_lit_310,legacy_literature,87.0,24.967091527491647,9.828348329031224,62.03290847250835,3848.0817335585984,all_cv
viability_percent,legacy_lit_317,legacy_literature,45.0,61.08281077403867,7.174675312641037,16.08281077403867,258.6568023935343,all_cv
viability_percent,legacy_lit_323,legacy_literature,77.66666666666667,72.80619896115648,15.735739239764133,4.860467705510189,23.62414631630748,all_cv
viability_percent,legacy_lit_338,legacy_literature,84.3,48.19404155345322,24.78074366104258,36.10595844654678,1303.6402353437627,all_cv
viability_percent,legacy_lit_346,legacy_literature,68.5,56.183181127972475,17.568669840067596,12.316818872027524,151.7040271263334,all_cv
viability_percent,legacy_lit_351,legacy_literature,73.1,63.61499209264065,18.38745468628269,9.485007907359346,89.96537500266932,all_cv
viability_percent,legacy_lit_356,legacy_literature,73.0,57.4927121696633,17.65392549480176,15.5072878303367,240.47597585290873,all_cv
viability_percent,legacy_lit_360,legacy_literature,52.1,56.75141582190554,21.061204645198163,4.6514158219055375,21.635669148273166,all_cv
viability_percent,legacy_lit_369,legacy_literature,92.7,77.0378714091721,16.34223499228715,15.662128590827905,245.3022719956289,all_cv
viability_percent,legacy_lit_374,legacy_literature,73.95,37.843724952114655,6.5146355186997775,36.10627504788535,1303.663097833548,all_cv
viability_percent,legacy_lit_386,legacy_literature,77.0,49.179989467040095,23.799082377283277,27.820010532959905,773.9529860540001,all_cv
viability_percent,legacy_wetlab_EXP101,legacy_wetlab,21.01,13.787856041076523,4.9074279280748625,7.222143958923478,52.15936336341489,all_cv
viability_percent,legacy_wetlab_EXP106,legacy_wetlab,8.39,55.51584167188895,23.721606655027344,47.12584167188895,2220.844953283945,all_cv
viability_percent,legacy_wetlab_EXP204,legacy_wetlab,50.29,55.14936525822023,23.05237052621456,4.85936525822023,23.61343071279776,all_cv
viability_percent,legacy_wetlab_EXP302,legacy_wetlab,56.18,44.136502954654134,13.834498266028408,12.043497045345866,145.04582108125462,all_cv
viability_percent,legacy_wetlab_EXP1105,legacy_wetlab,79.09,58.954014370497006,3.4041905880599868,20.135985629502997,405.4579172715512,all_cv
viability_percent,legacy_wetlab_EXP1205,legacy_wetlab,31.19,53.891476396715,24.9620910394798,22.701476396715,515.3570305906081,all_cv
viability_percent,legacy_wetlab_EXP2103,legacy_wetlab,51.61,60.96746833720251,6.58742831447505,9.357468337202512,87.56221368174755,all_cv
viability_percent,legacy_wetlab_EXP3101,legacy_wetlab,63.61,65.42150079799103,3.601135838803652,1.8115007979910305,3.2815351411221396,all_cv
viability_percent,legacy_wetlab_EXP3106,legacy_wetlab,42.1,42.60890948743287,21.171681229415565,0.5089094874328666,0.258988866399183,all_cv
viability_percent,legacy_wetlab_EXP4103,legacy_wetlab,73.15,60.75016655600743,3.001796417651085,12.399833443992575,153.7558694387568,all_cv
viability_percent,legacy_wetlab_EXP5102,legacy_wetlab,70.04,52.8720227244543,4.423987640106821,17.16797727554571,294.7394437336539,all_cv
viability_percent,legacy_wetlab_EXP5107,legacy_wetlab,75.16,52.690543121270885,21.509174390060583,22.469456878729112,504.876492425067,all_cv
viability_percent,legacy_wetlab_EXP5112,legacy_wetlab,87.85,66.92458991197464,2.424243298357401,20.92541008802536,437.8727873520334,all_cv
viability_percent,legacy_wetlab_EXP5205,legacy_wetlab,6.86,53.76676380968936,24.97453777422813,46.90676380968936,2200.244491097983,all_cv
viability_percent,legacy_wetlab_EXP5210,legacy_wetlab,20.96,53.341219908743014,24.927970245055644,32.38121990874301,1048.543402778375,all_cv
viability_percent,legacy_wetlab_EXP6104,legacy_wetlab,65.5,65.37005531894096,3.9744342421137673,0.1299446810590439,0.0168856201355366,all_cv
viability_percent,legacy_wetlab_EXP7103,legacy_wetlab,76.36,79.17941616789842,1.9264743821447632,2.8194161678984244,7.949107527807037,all_cv
viability_percent,legacy_wetlab_EXP7108,legacy_wetlab,70.64,81.29629213265247,2.285005612411151,10.656292132652467,113.55656201643087,all_cv
viability_percent,legacy_wetlab_EXP8101,legacy_wetlab,71.22,56.73278201995685,2.987937355009867,14.487217980043148,209.87948480128549,all_cv
viability_percent,legacy_wetlab_EXP8106,legacy_wetlab,64.37,61.0169051132618,5.989631807265409,3.353094886738205,11.243245319469896,all_cv
viability_percent,legacy_wetlab_EXP9103,legacy_wetlab,71.75,69.71984508347762,2.292705282835132,2.0301549165223776,4.121528985079982,all_cv
viability_percent,legacy_wetlab_EXP9108,legacy_wetlab,36.44,51.64280555405996,9.90289934527571,15.202805554059964,231.12529671455647,all_cv
viability_percent,v2_2eead01c8392,ROUND_001,60.53,55.10236775261352,25.00360682410966,5.427632247386477,29.459191812869577,all_cv
viability_percent,v2_6b7389efb1b5,ROUND_001,35.92,55.10236407457502,25.00360682410944,19.18236407457502,367.96309148954634,all_cv
viability_percent,v2_49123b81735d,ROUND_001,40.44,58.55652875403565,23.140158737950017,18.11652875403565,328.20861409580044,all_cv
viability_percent,v2_75d69addc009,ROUND_002,29.2025,52.81172512805008,24.92337296654981,23.60922512805008,557.3955111469512,all_cv
viability_percent,v2_75d69addc009,ROUND_003,34.5,52.81172512805008,24.92337296654981,18.31172512805008,335.31927716526064,all_cv
viability_percent,v2_db8935ce2c34,ROUND_002,61.5875,59.683623242053784,4.875868760204918,1.9038767579462144,3.624746709447789,all_cv
viability_percent,v2_a7291b600bea,ROUND_003,52.0,55.10221257963978,25.0036068238903,3.102212579639783,9.623722889275315,all_cv
viability_percent,v2_1e09bd3298a1,ROUND_004,0.69,44.64697648198345,15.446736624766524,43.95697648198345,1932.2157814376465,all_cv
viability_percent,v2_98a8e114024b,ROUND_004,1.3325,44.64357607053489,16.202414760918305,43.31107607053489,1875.84931038766,all_cv
viability_percent,v2_f1b5aed4af5a,ROUND_005,22.145,39.42935001589649,1.6561212757557164,17.28435001589649,298.74875547202095,all_cv
viability_percent,v2_40e9f706b46d,ROUND_005,19.355,31.614210588189533,21.00960667184753,12.259210588189532,150.28824424557834,all_cv
viability_percent,v2_5526047f869b,ROUND_005,25.5225,55.066541281101166,25.00357709477683,29.544041281101165,872.8503752194098,all_cv
viability_percent,v2_c52464fe22c3,ROUND_005,6.93,54.87630514385913,25.00242321806701,47.94630514385913,2298.848176948052,all_cv
viability_percent,v2_79ec2bf8acae,ROUND_005,31.495,32.86119626518611,7.230372254622663,1.366196265186108,1.8664922350084707,all_cv
viability_percent,v2_117f554a123f,ROUND_005,11.9125,55.10103476396219,25.003606782844468,43.18853476396219,1865.2495350579704,all_cv
viability_percent,v2_b0c3376ad599,ROUND_006,24.755000000000003,42.84836232497655,24.22256431406903,18.093362324976543,327.3697602228807,all_cv
intact_patch_formation_pass,v2_da5df4899b60,ROUND_001,0.0,2.3198584026964216e-08,,2.3198584026964216e-08,5.381743008561193e-16,all_cv
intact_patch_formation_pass,v2_a3cd6cc2afa7,ROUND_002,1.0,0.6564152312058594,,0.3435847687941405,0.118050493347323,all_cv
intact_patch_formation_pass,v2_3e8ef993abba,ROUND_002,1.0,0.9423928949925684,,0.0576071050074317,0.0033185785473372,all_cv
intact_patch_formation_pass,v2_8f6028d7e59a,ROUND_003,0.0,0.0488047019938998,,0.0488047019938998,0.0023818989367133,all_cv
intact_patch_formation_pass,v2_4f4525f1566d,ROUND_003,1.0,0.9497347302802772,,0.0502652697197228,0.0025265973399964,all_cv
intact_patch_formation_pass,v2_afa1348627bc,ROUND_003,1.0,0.6171569454137943,,0.3828430545862057,0.1465688044448964,all_cv
intact_patch_formation_pass,v2_6fb2fa9dc5d5,ROUND_004,1.0,0.9021054801362964,,0.0978945198637035,0.009583337019345,all_cv
intact_patch_formation_pass,v2_6fb2fa9dc5d5,ROUND_007,1.0,0.9021054801362964,,0.0978945198637035,0.009583337019345,all_cv
intact_patch_formation_pass,v2_1d06992cb257,ROUND_004,1.0,0.976993687875249,,0.023006312124751,0.0005292903975814,all_cv
intact_patch_formation_pass,v2_6886b09726ac,ROUND_004,1.0,0.9771982672137968,,0.0228017327862033,0.0005199190180534,all_cv
intact_patch_formation_pass,v2_4673547a29eb,ROUND_006,0.0,0.97899356883586,,0.97899356883586,0.9584284078219736,all_cv
intact_patch_formation_pass,v2_0edd7362eda9,ROUND_006,1.0,0.9229530850195352,,0.0770469149804646,0.0059362271080069,all_cv
intact_patch_formation_pass,v2_e579d58c9088,ROUND_006,1.0,0.3105203954932673,,0.6894796045067326,0.4753821250307604,all_cv
intact_patch_formation_pass,v2_e579d58c9088,ROUND_007,1.0,0.3105203954932673,,0.6894796045067326,0.4753821250307604,all_cv
intact_patch_formation_pass,v2_c0858ec7c2c6,ROUND_007,1.0,0.7284100176481396,,0.2715899823518604,0.0737611185138838,all_cv
intact_patch_formation_pass,v2_7371aa062562,ROUND_007,1.0,0.2679190363685856,,0.7320809636314144,0.5359425373115003,all_cv
intact_patch_formation_pass,v2_2df18f043f0c,ROUND_007,1.0,0.8714453171175439,,0.128554682882456,0.0165263064910088,all_cv
intact_patch_formation_pass,v2_e0e6b16a3f20,ROUND_001,0.0,0.0009543147005154,,0.0009543147005154,9.10716547619829e-07,all_cv
intact_patch_formation_pass,v2_e0e6b16a3f20,ROUND_002,1.0,0.0009543147005154,,0.9990456852994846,0.9980922813155167,all_cv
intact_patch_formation_pass,v2_b9ae21107fa4,ROUND_001,0.0,6.279975188499156e-09,,6.279975188499156e-09,3.943808836816502e-17,all_cv
intact_patch_formation_pass,v2_a2b4c2d7b0b6,ROUND_001,0.0,0.1061166189946742,,0.1061166189946742,0.0112607368268608,all_cv
intact_patch_formation_pass,v2_fc5b4c04eee9,ROUND_002,0.0,0.684922374599987,,0.684922374599987,0.4691186592276848,all_cv
intact_patch_formation_pass,v2_d93bf1a562c8,ROUND_003,1.0,0.0005844412398034,,0.9994155587601966,0.998831459091956,all_cv
intact_patch_formation_pass,v2_27a2b16cc327,ROUND_003,0.0,0.6494238504641258,,0.6494238504641258,0.4217513375516512,all_cv
intact_patch_formation_pass,v2_3db5f7aa7cdd,ROUND_003,1.0,0.9697179546941884,,0.0302820453058114,0.0009170022679032,all_cv
intact_patch_formation_pass,v2_0e9e2b605ce7,ROUND_004,0.0,0.6831314104074732,,0.6831314104074732,0.4666685238853035,all_cv
intact_patch_formation_pass,v2_8d9d8b0a7098,ROUND_004,0.0,0.585101221116596,,0.585101221116596,0.3423434389521317,all_cv
intact_patch_formation_pass,v2_eb8bb8b8618f,ROUND_004,1.0,0.947330197576892,,0.0526698024231081,0.0027741080872892,all_cv
intact_patch_formation_pass,v2_4da335e6bc9d,ROUND_004,0.0,0.8287190768385008,,0.8287190768385008,0.6867753083160569,all_cv
intact_patch_formation_pass,v2_1be28fc1c3ad,ROUND_005,0.0,0.7936094120442999,,0.7936094120442999,0.6298158988852994,all_cv
intact_patch_formation_pass,v2_445849cbfa02,ROUND_006,1.0,0.9478355699232476,,0.0521644300767524,0.0027211277652323,all_cv
intact_patch_formation_pass,v2_655dce03a47b,ROUND_007,1.0,0.9485793963227834,,0.0514206036772165,0.0026440784825293,all_cv
intact_patch_formation_pass,v2_724742f4ebc1,ROUND_007,1.0,0.992748431448092,,0.007251568551908,5.258524646302117e-05,all_cv
intact_patch_formation_pass,v2_adfd2284b7fb,ROUND_007,1.0,0.9972125288330153,,0.0027874711669848,7.769995506771916e-06,all_cv
intact_patch_formation_pass,v2_237544a25f30,ROUND_001,0.0,0.4252530078357046,,0.4252530078357046,0.1808401206733138,all_cv
intact_patch_formation_pass,v2_19eed4dca0d3,ROUND_001,0.0,1.990837665349824e-06,,1.990837665349824e-06,3.963434609775538e-12,all_cv
intact_patch_formation_pass,v2_655729013931,ROUND_002,1.0,0.8951313535181971,,0.1048686464818029,0.0109974330149253,all_cv
intact_patch_formation_pass,v2_8a721b7d8f1c,ROUND_002,1.0,0.9220800607622311,,0.0779199392377688,0.0060715169308175,all_cv
intact_patch_formation_pass,v2_384020959c42,ROUND_002,1.0,0.9325339177628744,,0.0674660822371255,0.0045516722524265,all_cv
intact_patch_formation_pass,v2_430e18c49d10,ROUND_003,1.0,0.7977099377939022,,0.2022900622060978,0.0409212692673469,all_cv
intact_patch_formation_pass,v2_4aeffae55153,ROUND_003,0.0,0.9956062431809338,,0.9956062431809338,0.9912317914608528,all_cv
intact_patch_formation_pass,v2_0a63a12b60f3,ROUND_003,1.0,0.9830085116709564,,0.0169914883290437,0.000288710675636,all_cv
intact_patch_formation_pass,v2_d9aaefea702e,ROUND_005,1.0,0.8832753748940791,,0.1167246251059208,0.0136246381061177,all_cv
intact_patch_formation_pass,v2_d9aaefea702e,ROUND_006,1.0,0.8832753748940791,,0.1167246251059208,0.0136246381061177,all_cv
intact_patch_formation_pass,v2_711df1b41503,ROUND_005,0.0,0.6319853855769177,,0.6319853855769177,0.3994055275828054,all_cv
intact_patch_formation_pass,v2_ea8a9ce5fcb2,ROUND_006,0.0,0.6307413205142188,,0.6307413205142188,0.3978346134040205,all_cv
intact_patch_formation_pass,v2_b7e07e99afa8,ROUND_006,1.0,0.9760388796888568,,0.023961120311143,0.000574135286565,all_cv
intact_patch_formation_pass,v2_fb629591d74c,ROUND_006,1.0,0.909574457018297,,0.090425542981703,0.0081767788235358,all_cv
intact_patch_formation_pass,v2_d880ac9c9187,ROUND_007,1.0,0.8195148461182886,,0.1804851538817113,0.032574890771705,all_cv
intact_patch_formation_pass,v2_a1a1ae0b19bb,ROUND_007,1.0,0.545860749579854,,0.454139250420146,0.2062424587721721,all_cv
intact_patch_formation_pass,v2_acaa3c7de271,ROUND_007,1.0,0.9888522205296476,,0.0111477794703522,0.0001242729871196,all_cv
intact_patch_formation_pass,v2_21a3a498433e,ROUND_001,1.0,0.5520802254682187,,0.4479197745317813,0.2006321244166018,all_cv
intact_patch_formation_pass,v2_4a0cb1ead8d1,ROUND_001,0.0,0.0079453779216571,,0.0079453779216571,6.312903031795706e-05,all_cv
intact_patch_formation_pass,v2_a803deb82ca6,ROUND_001,0.0,0.1561331824175218,,0.1561331824175218,0.0243775706518231,all_cv
intact_patch_formation_pass,v2_42188f45e98a,ROUND_002,1.0,0.8518295669066847,,0.1481704330933153,0.0219544772430606,all_cv
intact_patch_formation_pass,v2_34d667ff4762,ROUND_002,1.0,0.5343249516245736,,0.4656750483754264,0.2168532506794557,all_cv
intact_patch_formation_pass,v2_b2c883db5caf,ROUND_002,1.0,0.1215939982880848,,0.8784060017119151,0.771597103843513,all_cv
intact_patch_formation_pass,v2_84c11063c325,ROUND_003,0.0,0.769361350565135,,0.769361350565135,0.5919168877434086,all_cv
intact_patch_formation_pass,v2_ced63818bdd1,ROUND_004,1.0,0.8159791289269224,,0.1840208710730776,0.0338636809904942,all_cv
intact_patch_formation_pass,v2_6005e837cd4b,ROUND_004,1.0,0.3757581157710402,,0.6242418842289599,0.3896779300257221,all_cv
intact_patch_formation_pass,v2_e5b28bf5a066,ROUND_004,1.0,0.7850607206003618,,0.2149392793996382,0.0461988938288357,all_cv
intact_patch_formation_pass,v2_f3bcb989040c,ROUND_005,1.0,0.655869491696588,,0.3441305083034119,0.1184258067451646,all_cv
intact_patch_formation_pass,v2_88865d95334d,ROUND_005,0.0,0.6600713999774105,,0.6600713999774105,0.4356942530681386,all_cv
intact_patch_formation_pass,v2_88865d95334d,ROUND_006,1.0,0.6600713999774105,,0.3399286000225895,0.1155514531133176,all_cv
intact_patch_formation_pass,v2_011eef292ff1,ROUND_005,1.0,0.9876386042549096,,0.0123613957450903,0.0001528041047667,all_cv
intact_patch_formation_pass,v2_13f1ff7a70b9,ROUND_006,1.0,0.679277903515188,,0.320722096484812,0.102862663173613,all_cv
intact_patch_formation_pass,v2_9d3ceb7016d5,ROUND_006,1.0,0.9187883297238938,,0.0812116702761062,0.0065953353890349,all_cv
intact_patch_formation_pass,v2_6f20e63adb1d,ROUND_007,1.0,0.6819011300313864,,0.3180988699686136,0.1011868910753089,all_cv
intact_patch_formation_pass,v2_2eead01c8392,ROUND_001,0.0,0.1413695757351248,,0.1413695757351248,0.0199853569435291,all_cv
intact_patch_formation_pass,v2_6b7389efb1b5,ROUND_001,0.0,0.9722577247179954,,0.9722577247179954,0.9452850832738132,all_cv
intact_patch_formation_pass,v2_49123b81735d,ROUND_001,0.0,0.1720145922578488,,0.1720145922578488,0.0295890199496339,all_cv
intact_patch_formation_pass,v2_75d69addc009,ROUND_002,0.0,0.6466520298736657,,0.6466520298736657,0.4181588477397321,all_cv
intact_patch_formation_pass,v2_75d69addc009,ROUND_003,1.0,0.6466520298736657,,0.3533479701263343,0.1248547879924008,all_cv
intact_patch_formation_pass,v2_db8935ce2c34,ROUND_002,1.0,0.9397011501883148,,0.0602988498116852,0.0036359512886121,all_cv
intact_patch_formation_pass,v2_a7291b600bea,ROUND_003,0.0,0.8574195161113882,,0.8574195161113882,0.7351682266086871,all_cv
intact_patch_formation_pass,v2_1e09bd3298a1,ROUND_004,1.0,0.0739240499525125,,0.9260759500474874,0.8576166652563565,all_cv
intact_patch_formation_pass,v2_98a8e114024b,ROUND_004,1.0,0.116165971321194,,0.8838340286788059,0.7811625902506083,all_cv
intact_patch_formation_pass,v2_f1b5aed4af5a,ROUND_005,1.0,0.9875974860357504,,0.0124025139642496,0.0001538223526334,all_cv
intact_patch_formation_pass,v2_40e9f706b46d,ROUND_005,1.0,0.9861307019049024,,0.0138692980950976,0.0001923574296506,all_cv
intact_patch_formation_pass,v2_5526047f869b,ROUND_005,1.0,0.6853770783852763,,0.3146229216147237,0.0989875828053845,all_cv
intact_patch_formation_pass,v2_c52464fe22c3,ROUND_005,1.0,0.9902372390146132,,0.0097627609853868,9.53115020577919e-05,all_cv
intact_patch_formation_pass,v2_79ec2bf8acae,ROUND_005,1.0,0.9812991534926828,,0.0187008465073171,0.0003497216600902,all_cv
intact_patch_formation_pass,v2_117f554a123f,ROUND_005,1.0,0.9984346883692258,,0.0015653116307742,2.4502005014370617e-06,all_cv
intact_patch_formation_pass,v2_b0c3376ad599,ROUND_006,1.0,0.720857227687033,,0.279142772312967,0.0779206873345689,all_cv
