round_id,round_number,phase,provenance,panel,series,formulation_id,value,lower,upper,count_pass,count_fail,section,candidate_id,prediction,observed,uncertainty_std,absolute_error,nominal_coverage,empirical_coverage,interval_width,coverage_lower,coverage_upper,binary_outcome,signed_error,batch_id,viability_percent,intact_patch_formation_pass
ROUND_001,1.0,screening_only,reconstructed,observed_viability,individual_formulation,v2_19eed4dca0d3,35.84,,,,,timeline,,,,,,,,,,,,,,,
ROUND_001,1.0,screening_only,reconstructed,observed_viability,individual_formulation,v2_21a3a498433e,36.22,,,,,timeline,,,,,,,,,,,,,,,
ROUND_001,1.0,screening_only,reconstructed,observed_viability,individual_formulation,v2_237544a25f30,69.21,,,,,timeline,,,,,,,,,,,,,,,
ROUND_001,1.0,screening_only,reconstructed,observed_viability,individual_formulation,v2_2eead01c8392,60.53,,,,,timeline,,,,,,,,,,,,,,,
ROUND_001,1.0,screening_only,reconstructed,observed_viability,individual_formulation,v2_49123b81735d,40.44,,,,,timeline,,,,,,,,,,,,,,,
ROUND_001,1.0,screening_only,reconstructed,observed_viability,individual_formulation,v2_4a0cb1ead8d1,60.33,,,,,timeline,,,,,,,,,,,,,,,
ROUND_001,1.0,screening_only,reconstructed,observed_viability,individual_formulation,v2_6b7389efb1b5,35.92,,,,,timeline,,,,,,,,,,,,,,,
ROUND_001,1.0,screening_only,reconstructed,observed_viability,individual_formulation,v2_a2b4c2d7b0b6,24.39,,,,,timeline,,,,,,,,,,,,,,,
ROUND_001,1.0,screening_only,reconstructed,observed_viability,individual_formulation,v2_a803deb82ca6,28.72,,,,,timeline,,,,,,,,,,,,,,,
ROUND_001,1.0,screening_only,reconstructed,observed_viability,individual_formulation,v2_b9ae21107fa4,15.93,,,,,timeline,,,,,,,,,,,,,,,
ROUND_001,1.0,screening_only,reconstructed,observed_viability,individual_formulation,v2_da5df4899b60,43.34,,,,,timeline,,,,,,,,,,,,,,,
ROUND_001,1.0,screening_only,reconstructed,observed_viability,individual_formulation,v2_e0e6b16a3f20,26.53,,,,,timeline,,,,,,,,,,,,,,,
ROUND_001,1.0,screening_only,reconstructed,observed_viability,median_iqr,,36.07,28.1725,47.587500000000006,,,timeline,,,,,,,,,,,,,,,
ROUND_001,1.0,screening_only,reconstructed,prospective_performance,mae,,21.38945887553776,,,,,timeline,,,,,,,,,,,,,,,
ROUND_001,1.0,screening_only,reconstructed,prospective_performance,bias,,21.18889174686328,,,,,timeline,,,,,,,,,,,,,,,
ROUND_001,1.0,screening_only,reconstructed,prospective_performance,interval_95_coverage,,1.0,,,,,timeline,,,,,,,,,,,,,,,
ROUND_001,1.0,screening_only,reconstructed,feasibility_mechanics,intact_pass_proportion,,0.08333333333333333,0.014864709450773478,0.35388592179859524,1.0,11.0,timeline,,,,,,,,,,,,,,,
ROUND_001,1.0,screening_only,reconstructed,feasibility_mechanics,mechanical_measurement_count,,0.0,,,,,timeline,,,,,,,,,,,,,,,
ROUND_002,2.0,screening_only,migration_frozen_supplementary,observed_viability,individual_formulation,v2_34d667ff4762,63.879999999999995,,,,,timeline,,,,,,,,,,,,,,,
ROUND_002,2.0,screening_only,migration_frozen_supplementary,observed_viability,individual_formulation,v2_384020959c42,21.375,,,,,timeline,,,,,,,,,,,,,,,
ROUND_002,2.0,screening_only,migration_frozen_supplementary,observed_viability,individual_formulation,v2_3e8ef993abba,65.5625,,,,,timeline,,,,,,,,,,,,,,,
ROUND_002,2.0,screening_only,migration_frozen_supplementary,observed_viability,individual_formulation,v2_42188f45e98a,38.805,,,,,timeline,,,,,,,,,,,,,,,
ROUND_002,2.0,screening_only,migration_frozen_supplementary,observed_viability,individual_formulation,v2_655729013931,64.9,,,,,timeline,,,,,,,,,,,,,,,
ROUND_002,2.0,screening_only,migration_frozen_supplementary,observed_viability,individual_formulation,v2_75d69addc009,29.2025,,,,,timeline,,,,,,,,,,,,,,,
ROUND_002,2.0,screening_only,migration_frozen_supplementary,observed_viability,individual_formulation,v2_8a721b7d8f1c,63.9975,,,,,timeline,,,,,,,,,,,,,,,
ROUND_002,2.0,screening_only,migration_frozen_supplementary,observed_viability,individual_formulation,v2_a3cd6cc2afa7,57.3875,,,,,timeline,,,,,,,,,,,,,,,
ROUND_002,2.0,screening_only,migration_frozen_supplementary,observed_viability,individual_formulation,v2_b2c883db5caf,43.185,,,,,timeline,,,,,,,,,,,,,,,
ROUND_002,2.0,screening_only,migration_frozen_supplementary,observed_viability,individual_formulation,v2_db8935ce2c34,61.5875,,,,,timeline,,,,,,,,,,,,,,,
ROUND_002,2.0,screening_only,migration_frozen_supplementary,observed_viability,individual_formulation,v2_e0e6b16a3f20,30.4375,,,,,timeline,,,,,,,,,,,,,,,
ROUND_002,2.0,screening_only,migration_frozen_supplementary,observed_viability,individual_formulation,v2_fc5b4c04eee9,56.287499999999994,,,,,timeline,,,,,,,,,,,,,,,
ROUND_002,2.0,screening_only,migration_frozen_supplementary,observed_viability,median_iqr,,56.8375,36.713125,63.909375,,,timeline,,,,,,,,,,,,,,,
ROUND_002,2.0,screening_only,migration_frozen_supplementary,prospective_performance,mae,,15.374186582161943,,,,,timeline,,,,,,,,,,,,,,,
ROUND_002,2.0,screening_only,migration_frozen_supplementary,prospective_performance,bias,,14.862607612421082,,,,,timeline,,,,,,,,,,,,,,,
ROUND_002,2.0,screening_only,migration_frozen_supplementary,prospective_performance,interval_95_coverage,,1.0,,,,,timeline,,,,,,,,,,,,,,,
ROUND_002,2.0,screening_only,migration_frozen_supplementary,feasibility_mechanics,intact_pass_proportion,,0.8333333333333334,0.5519636426153274,0.9530358523851776,10.0,2.0,timeline,,,,,,,,,,,,,,,
ROUND_002,2.0,screening_only,migration_frozen_supplementary,feasibility_mechanics,mechanical_measurement_count,,0.0,,,,,timeline,,,,,,,,,,,,,,,
ROUND_003,3.0,screening_only,formal_frozen,observed_viability,individual_formulation,v2_0a63a12b60f3,38.0,,,,,timeline,,,,,,,,,,,,,,,
ROUND_003,3.0,screening_only,formal_frozen,observed_viability,individual_formulation,v2_27a2b16cc327,53.0,,,,,timeline,,,,,,,,,,,,,,,
ROUND_003,3.0,screening_only,formal_frozen,observed_viability,individual_formulation,v2_3db5f7aa7cdd,38.0,,,,,timeline,,,,,,,,,,,,,,,
ROUND_003,3.0,screening_only,formal_frozen,observed_viability,individual_formulation,v2_430e18c49d10,65.0,,,,,timeline,,,,,,,,,,,,,,,
ROUND_003,3.0,screening_only,formal_frozen,observed_viability,individual_formulation,v2_4aeffae55153,48.5,,,,,timeline,,,,,,,,,,,,,,,
ROUND_003,3.0,screening_only,formal_frozen,observed_viability,individual_formulation,v2_4f4525f1566d,36.0,,,,,timeline,,,,,,,,,,,,,,,
ROUND_003,3.0,screening_only,formal_frozen,observed_viability,individual_formulation,v2_75d69addc009,34.5,,,,,timeline,,,,,,,,,,,,,,,
ROUND_003,3.0,screening_only,formal_frozen,observed_viability,individual_formulation,v2_84c11063c325,44.5,,,,,timeline,,,,,,,,,,,,,,,
ROUND_003,3.0,screening_only,formal_frozen,observed_viability,individual_formulation,v2_8f6028d7e59a,41.0,,,,,timeline,,,,,,,,,,,,,,,
ROUND_003,3.0,screening_only,formal_frozen,observed_viability,individual_formulation,v2_a7291b600bea,52.0,,,,,timeline,,,,,,,,,,,,,,,
ROUND_003,3.0,screening_only,formal_frozen,observed_viability,individual_formulation,v2_afa1348627bc,38.5,,,,,timeline,,,,,,,,,,,,,,,
ROUND_003,3.0,screening_only,formal_frozen,observed_viability,individual_formulation,v2_d93bf1a562c8,29.0,,,,,timeline,,,,,,,,,,,,,,,
ROUND_003,3.0,screening_only,formal_frozen,observed_viability,median_iqr,,39.75,37.5,49.375,,,timeline,,,,,,,,,,,,,,,
ROUND_003,3.0,screening_only,formal_frozen,prospective_performance,mae,,16.536584398699592,,,,,timeline,,,,,,,,,,,,,,,
ROUND_003,3.0,screening_only,formal_frozen,prospective_performance,bias,,14.765135305195331,,,,,timeline,,,,,,,,,,,,,,,
ROUND_003,3.0,screening_only,formal_frozen,prospective_performance,interval_95_coverage,,0.9166666666666666,,,,,timeline,,,,,,,,,,,,,,,
ROUND_003,3.0,screening_only,formal_frozen,feasibility_mechanics,intact_pass_proportion,,0.5833333333333334,0.3195073356553728,0.8067425380947535,7.0,5.0,timeline,,,,,,,,,,,,,,,
ROUND_003,3.0,screening_only,formal_frozen,feasibility_mechanics,mechanical_measurement_count,,0.0,,,,,timeline,,,,,,,,,,,,,,,
ROUND_004,4.0,screening_only,formal_frozen,observed_viability,individual_formulation,v2_0e9e2b605ce7,50.515,,,,,timeline,,,,,,,,,,,,,,,
ROUND_004,4.0,screening_only,formal_frozen,observed_viability,individual_formulation,v2_1d06992cb257,35.825,,,,,timeline,,,,,,,,,,,,,,,
ROUND_004,4.0,screening_only,formal_frozen,observed_viability,individual_formulation,v2_1e09bd3298a1,0.69,,,,,timeline,,,,,,,,,,,,,,,
ROUND_004,4.0,screening_only,formal_frozen,observed_viability,individual_formulation,v2_4da335e6bc9d,10.1075,,,,,timeline,,,,,,,,,,,,,,,
ROUND_004,4.0,screening_only,formal_frozen,observed_viability,individual_formulation,v2_6005e837cd4b,28.365,,,,,timeline,,,,,,,,,,,,,,,
ROUND_004,4.0,screening_only,formal_frozen,observed_viability,individual_formulation,v2_6886b09726ac,30.2175,,,,,timeline,,,,,,,,,,,,,,,
ROUND_004,4.0,screening_only,formal_frozen,observed_viability,individual_formulation,v2_6fb2fa9dc5d5,58.35000000000001,,,,,timeline,,,,,,,,,,,,,,,
ROUND_004,4.0,screening_only,formal_frozen,observed_viability,individual_formulation,v2_8d9d8b0a7098,50.6025,,,,,timeline,,,,,,,,,,,,,,,
ROUND_004,4.0,screening_only,formal_frozen,observed_viability,individual_formulation,v2_98a8e114024b,1.3325,,,,,timeline,,,,,,,,,,,,,,,
ROUND_004,4.0,screening_only,formal_frozen,observed_viability,individual_formulation,v2_ced63818bdd1,32.885,,,,,timeline,,,,,,,,,,,,,,,
ROUND_004,4.0,screening_only,formal_frozen,observed_viability,individual_formulation,v2_e5b28bf5a066,40.4675,,,,,timeline,,,,,,,,,,,,,,,
ROUND_004,4.0,screening_only,formal_frozen,observed_viability,individual_formulation,v2_eb8bb8b8618f,52.88250000000001,,,,,timeline,,,,,,,,,,,,,,,
ROUND_004,4.0,screening_only,formal_frozen,observed_viability,median_iqr,,34.355000000000004,23.800624999999997,50.536875,,,timeline,,,,,,,,,,,,,,,
ROUND_004,4.0,screening_only,formal_frozen,prospective_performance,mae,,29.94799092866463,,,,,timeline,,,,,,,,,,,,,,,
ROUND_004,4.0,screening_only,formal_frozen,prospective_performance,bias,,27.715012849880043,,,,,timeline,,,,,,,,,,,,,,,
ROUND_004,4.0,screening_only,formal_frozen,prospective_performance,interval_95_coverage,,0.5833333333333334,,,,,timeline,,,,,,,,,,,,,,,
ROUND_004,4.0,screening_only,formal_frozen,feasibility_mechanics,intact_pass_proportion,,0.75,0.46768966087934005,0.9110599603710386,9.0,3.0,timeline,,,,,,,,,,,,,,,
ROUND_004,4.0,screening_only,formal_frozen,feasibility_mechanics,mechanical_measurement_count,,0.0,,,,,timeline,,,,,,,,,,,,,,,
ROUND_005,5.0,screening_only,formal_frozen,observed_viability,individual_formulation,v2_011eef292ff1,31.85,,,,,timeline,,,,,,,,,,,,,,,
ROUND_005,5.0,screening_only,formal_frozen,observed_viability,individual_formulation,v2_117f554a123f,11.912499999999998,,,,,timeline,,,,,,,,,,,,,,,
ROUND_005,5.0,screening_only,formal_frozen,observed_viability,individual_formulation,v2_1be28fc1c3ad,53.3425,,,,,timeline,,,,,,,,,,,,,,,
ROUND_005,5.0,screening_only,formal_frozen,observed_viability,individual_formulation,v2_40e9f706b46d,19.355,,,,,timeline,,,,,,,,,,,,,,,
ROUND_005,5.0,screening_only,formal_frozen,observed_viability,individual_formulation,v2_5526047f869b,25.5225,,,,,timeline,,,,,,,,,,,,,,,
ROUND_005,5.0,screening_only,formal_frozen,observed_viability,individual_formulation,v2_711df1b41503,48.3325,,,,,timeline,,,,,,,,,,,,,,,
ROUND_005,5.0,screening_only,formal_frozen,observed_viability,individual_formulation,v2_79ec2bf8acae,31.494999999999997,,,,,timeline,,,,,,,,,,,,,,,
ROUND_005,5.0,screening_only,formal_frozen,observed_viability,individual_formulation,v2_88865d95334d,1.3650000000000002,,,,,timeline,,,,,,,,,,,,,,,
ROUND_005,5.0,screening_only,formal_frozen,observed_viability,individual_formulation,v2_c52464fe22c3,6.93,,,,,timeline,,,,,,,,,,,,,,,
ROUND_005,5.0,screening_only,formal_frozen,observed_viability,individual_formulation,v2_d9aaefea702e,9.2925,,,,,timeline,,,,,,,,,,,,,,,
ROUND_005,5.0,screening_only,formal_frozen,observed_viability,individual_formulation,v2_f1b5aed4af5a,22.145000000000003,,,,,timeline,,,,,,,,,,,,,,,
ROUND_005,5.0,screening_only,formal_frozen,observed_viability,individual_formulation,v2_f3bcb989040c,59.182500000000005,,,,,timeline,,,,,,,,,,,,,,,
ROUND_005,5.0,screening_only,formal_frozen,observed_viability,median_iqr,,23.833750000000002,11.257499999999999,35.970625,,,timeline,,,,,,,,,,,,,,,
ROUND_005,5.0,screening_only,formal_frozen,prospective_performance,mae,,30.473503793586342,,,,,timeline,,,,,,,,,,,,,,,
ROUND_005,5.0,screening_only,formal_frozen,prospective_performance,bias,,30.473503793586342,,,,,timeline,,,,,,,,,,,,,,,
ROUND_005,5.0,screening_only,formal_frozen,prospective_performance,interval_95_coverage,,0.75,,,,,timeline,,,,,,,,,,,,,,,
ROUND_005,5.0,screening_only,formal_frozen,feasibility_mechanics,intact_pass_proportion,,0.75,0.46768966087934005,0.9110599603710386,9.0,3.0,timeline,,,,,,,,,,,,,,,
ROUND_005,5.0,screening_only,formal_frozen,feasibility_mechanics,mechanical_measurement_count,,0.0,,,,,timeline,,,,,,,,,,,,,,,
ROUND_006,6.0,screening_only,formal_frozen,observed_viability,individual_formulation,v2_0edd7362eda9,8.025,,,,,timeline,,,,,,,,,,,,,,,
ROUND_006,6.0,screening_only,formal_frozen,observed_viability,individual_formulation,v2_13f1ff7a70b9,53.712500000000006,,,,,timeline,,,,,,,,,,,,,,,
ROUND_006,6.0,screening_only,formal_frozen,observed_viability,individual_formulation,v2_445849cbfa02,10.96,,,,,timeline,,,,,,,,,,,,,,,
ROUND_006,6.0,screening_only,formal_frozen,observed_viability,individual_formulation,v2_4673547a29eb,6.817499999999999,,,,,timeline,,,,,,,,,,,,,,,
ROUND_006,6.0,screening_only,formal_frozen,observed_viability,individual_formulation,v2_88865d95334d,15.755,,,,,timeline,,,,,,,,,,,,,,,
ROUND_006,6.0,screening_only,formal_frozen,observed_viability,individual_formulation,v2_9d3ceb7016d5,10.6,,,,,timeline,,,,,,,,,,,,,,,
ROUND_006,6.0,screening_only,formal_frozen,observed_viability,individual_formulation,v2_b0c3376ad599,24.755000000000003,,,,,timeline,,,,,,,,,,,,,,,
ROUND_006,6.0,screening_only,formal_frozen,observed_viability,individual_formulation,v2_b7e07e99afa8,40.6125,,,,,timeline,,,,,,,,,,,,,,,
ROUND_006,6.0,screening_only,formal_frozen,observed_viability,individual_formulation,v2_d9aaefea702e,28.4675,,,,,timeline,,,,,,,,,,,,,,,
ROUND_006,6.0,screening_only,formal_frozen,observed_viability,individual_formulation,v2_e579d58c9088,8.125,,,,,timeline,,,,,,,,,,,,,,,
ROUND_006,6.0,screening_only,formal_frozen,observed_viability,individual_formulation,v2_ea8a9ce5fcb2,48.99250000000001,,,,,timeline,,,,,,,,,,,,,,,
ROUND_006,6.0,screening_only,formal_frozen,observed_viability,individual_formulation,v2_fb629591d74c,40.18,,,,,timeline,,,,,,,,,,,,,,,
ROUND_006,6.0,screening_only,formal_frozen,observed_viability,median_iqr,,20.255000000000003,9.98125,40.288125,,,timeline,,,,,,,,,,,,,,,
ROUND_006,6.0,screening_only,formal_frozen,prospective_performance,mae,,30.674374499006134,,,,,timeline,,,,,,,,,,,,,,,
ROUND_006,6.0,screening_only,formal_frozen,prospective_performance,bias,,25.122825914499092,,,,,timeline,,,,,,,,,,,,,,,
ROUND_006,6.0,screening_only,formal_frozen,prospective_performance,interval_95_coverage,,0.6666666666666666,,,,,timeline,,,,,,,,,,,,,,,
ROUND_006,6.0,screening_only,formal_frozen,feasibility_mechanics,intact_pass_proportion,,0.8333333333333334,0.5519636426153274,0.9530358523851776,10.0,2.0,timeline,,,,,,,,,,,,,,,
ROUND_006,6.0,screening_only,formal_frozen,feasibility_mechanics,mechanical_measurement_count,,0.0,,,,,timeline,,,,,,,,,,,,,,,
ROUND_007,7.0,screening_only,formal_frozen,observed_viability,individual_formulation,v2_2df18f043f0c,5.9925,,,,,timeline,,,,,,,,,,,,,,,
ROUND_007,7.0,screening_only,formal_frozen,observed_viability,individual_formulation,v2_655dce03a47b,57.5075,,,,,timeline,,,,,,,,,,,,,,,
ROUND_007,7.0,screening_only,formal_frozen,observed_viability,individual_formulation,v2_6f20e63adb1d,48.9975,,,,,timeline,,,,,,,,,,,,,,,
ROUND_007,7.0,screening_only,formal_frozen,observed_viability,individual_formulation,v2_6fb2fa9dc5d5,49.370000000000005,,,,,timeline,,,,,,,,,,,,,,,
ROUND_007,7.0,screening_only,formal_frozen,observed_viability,individual_formulation,v2_724742f4ebc1,12.6675,,,,,timeline,,,,,,,,,,,,,,,
ROUND_007,7.0,screening_only,formal_frozen,observed_viability,individual_formulation,v2_7371aa062562,50.095,,,,,timeline,,,,,,,,,,,,,,,
ROUND_007,7.0,screening_only,formal_frozen,observed_viability,individual_formulation,v2_a1a1ae0b19bb,13.4975,,,,,timeline,,,,,,,,,,,,,,,
ROUND_007,7.0,screening_only,formal_frozen,observed_viability,individual_formulation,v2_acaa3c7de271,21.485,,,,,timeline,,,,,,,,,,,,,,,
ROUND_007,7.0,screening_only,formal_frozen,observed_viability,individual_formulation,v2_adfd2284b7fb,8.127500000000001,,,,,timeline,,,,,,,,,,,,,,,
ROUND_007,7.0,screening_only,formal_frozen,observed_viability,individual_formulation,v2_c0858ec7c2c6,24.2275,,,,,timeline,,,,,,,,,,,,,,,
ROUND_007,7.0,screening_only,formal_frozen,observed_viability,individual_formulation,v2_d880ac9c9187,21.47,,,,,timeline,,,,,,,,,,,,,,,
ROUND_007,7.0,screening_only,formal_frozen,observed_viability,individual_formulation,v2_e579d58c9088,13.4225,,,,,timeline,,,,,,,,,,,,,,,
ROUND_007,7.0,screening_only,formal_frozen,observed_viability,median_iqr,,21.4775,13.23375,49.090625,,,timeline,,,,,,,,,,,,,,,
ROUND_007,7.0,screening_only,formal_frozen,prospective_performance,mae,,22.18776496960027,,,,,timeline,,,,,,,,,,,,,,,
ROUND_007,7.0,screening_only,formal_frozen,prospective_performance,bias,,20.43958094525095,,,,,timeline,,,,,,,,,,,,,,,
ROUND_007,7.0,screening_only,formal_frozen,prospective_performance,interval_95_coverage,,0.6666666666666666,,,,,timeline,,,,,,,,,,,,,,,
ROUND_007,7.0,screening_only,formal_frozen,feasibility_mechanics,intact_pass_proportion,,1.0,0.7574992425007574,1.0,12.0,0.0,timeline,,,,,,,,,,,,,,,
ROUND_007,7.0,screening_only,formal_frozen,feasibility_mechanics,mechanical_measurement_count,,0.0,,,,,timeline,,,,,,,,,,,,,,,
ROUND_008,8.0,screening_only,formal_frozen,observed_viability,individual_formulation,v2_00d4dc35ee8a,4.4799999999999995,,,,,timeline,,,,,,,,,,,,,,,
ROUND_008,8.0,screening_only,formal_frozen,observed_viability,individual_formulation,v2_0c1889c524b0,24.25,,,,,timeline,,,,,,,,,,,,,,,
ROUND_008,8.0,screening_only,formal_frozen,observed_viability,individual_formulation,v2_16ebd2e14898,41.41,,,,,timeline,,,,,,,,,,,,,,,
ROUND_008,8.0,screening_only,formal_frozen,observed_viability,individual_formulation,v2_2c468d77758b,18.295,,,,,timeline,,,,,,,,,,,,,,,
ROUND_008,8.0,screening_only,formal_frozen,observed_viability,individual_formulation,v2_445849cbfa02,23.5725,,,,,timeline,,,,,,,,,,,,,,,
ROUND_008,8.0,screening_only,formal_frozen,observed_viability,individual_formulation,v2_4b9990641d38,12.9175,,,,,timeline,,,,,,,,,,,,,,,
ROUND_008,8.0,screening_only,formal_frozen,observed_viability,individual_formulation,v2_6f20e63adb1d,26.3825,,,,,timeline,,,,,,,,,,,,,,,
ROUND_008,8.0,screening_only,formal_frozen,observed_viability,individual_formulation,v2_949b1b9d7a24,9.4125,,,,,timeline,,,,,,,,,,,,,,,
ROUND_008,8.0,screening_only,formal_frozen,observed_viability,individual_formulation,v2_b2a7d8453992,31.5375,,,,,timeline,,,,,,,,,,,,,,,
ROUND_008,8.0,screening_only,formal_frozen,observed_viability,individual_formulation,v2_c29d85c403ed,2.9275,,,,,timeline,,,,,,,,,,,,,,,
ROUND_008,8.0,screening_only,formal_frozen,observed_viability,individual_formulation,v2_cfd8fbca69e1,33.555,,,,,timeline,,,,,,,,,,,,,,,
ROUND_008,8.0,screening_only,formal_frozen,observed_viability,individual_formulation,v2_d2de523913b8,16.355,,,,,timeline,,,,,,,,,,,,,,,
ROUND_008,8.0,screening_only,formal_frozen,observed_viability,median_iqr,,20.933750000000003,12.04125,27.67125,,,timeline,,,,,,,,,,,,,,,
ROUND_008,8.0,screening_only,formal_frozen,prospective_performance,mae,,34.91601052214724,,,,,timeline,,,,,,,,,,,,,,,
ROUND_008,8.0,screening_only,formal_frozen,prospective_performance,bias,,32.825136890212086,,,,,timeline,,,,,,,,,,,,,,,
ROUND_008,8.0,screening_only,formal_frozen,prospective_performance,interval_95_coverage,,0.4166666666666667,,,,,timeline,,,,,,,,,,,,,,,
ROUND_008,8.0,screening_only,formal_frozen,feasibility_mechanics,intact_pass_proportion,,1.0,0.7574992425007574,1.0,12.0,0.0,timeline,,,,,,,,,,,,,,,
ROUND_008,8.0,screening_only,formal_frozen,feasibility_mechanics,mechanical_measurement_count,,0.0,,,,,timeline,,,,,,,,,,,,,,,
ROUND_009,9.0,unrecorded,current_proposal,prospective_performance,mae,,,,,,,timeline,,,,,,,,,,,,,,,
ROUND_009,9.0,unrecorded,current_proposal,prospective_performance,bias,,,,,,,timeline,,,,,,,,,,,,,,,
ROUND_009,9.0,unrecorded,current_proposal,prospective_performance,interval_95_coverage,,,,,,,timeline,,,,,,,,,,,,,,,
ROUND_009,9.0,unrecorded,current_proposal,feasibility_mechanics,intact_pass_proportion,,,,,0.0,0.0,timeline,,,,,,,,,,,,,,,
ROUND_009,9.0,unrecorded,current_proposal,feasibility_mechanics,mechanical_measurement_count,,0.0,,,,,timeline,,,,,,,,,,,,,,,
ROUND_003,,,,viability_prediction,,,,,,,,trust,retest_v2_75d69addc009,29.24575715487311,34.5,0.9991394709236764,5.254242845126889,,,3.9166267260208114,,,,-5.254242845126889,,,
ROUND_003,,,,viability_prediction,,,,,,,,trust,rescue_000002,59.625548284101335,65.0,9.520940751078903,5.374451715898665,,,37.3220877442293,,,,-5.374451715898665,,,
ROUND_003,,,,viability_prediction,,,,,,,,trust,cand_001256,58.724742992940016,29.0,24.187978918531524,29.724742992940016,,,94.81687736064357,,,,29.724742992940016,,,
ROUND_003,,,,viability_prediction,,,,,,,,trust,cand_000026,62.813166233359446,44.5,21.785070096186512,18.313166233359446,,,85.39747477705113,,,,18.313166233359446,,,
ROUND_003,,,,viability_prediction,,,,,,,,trust,cand_000143,59.81772975597263,48.5,23.352298676726456,11.317729755972628,,,91.54101081276771,,,,11.317729755972628,,,
ROUND_003,,,,viability_prediction,,,,,,,,trust,cand_000293,71.820753280291,53.0,10.925520512478291,18.820753280291,,,42.8280404089149,,,,18.820753280291,,,
ROUND_003,,,,viability_prediction,,,,,,,,trust,cand_000510,58.720808487471544,41.0,24.187978822516087,17.720808487471544,,,94.81687698426306,,,,17.720808487471544,,,
ROUND_003,,,,viability_prediction,,,,,,,,trust,cand_000849,58.93019509730977,38.0,24.16077166458678,20.93019509730977,,,94.71022492518017,,,,20.93019509730977,,,
ROUND_003,,,,viability_prediction,,,,,,,,trust,cand_000846,58.92437007701841,38.0,24.166804376952193,20.92437007701841,,,94.7338731576526,,,,20.92437007701841,,,
ROUND_003,,,,viability_prediction,,,,,,,,trust,cand_001346,58.9187602099713,36.0,24.164943773185,22.918760209971303,,,94.72657959088521,,,,22.918760209971303,,,
ROUND_003,,,,viability_prediction,,,,,,,,trust,cand_001770,58.91497503925672,38.5,24.168569469864593,20.414975039256717,,,94.74079232186921,,,,20.414975039256717,,,
ROUND_003,,,,viability_prediction,,,,,,,,trust,cand_001847,58.72481704977869,52.0,24.18797891866367,6.724817049778693,,,94.81687736116159,,,,6.724817049778693,,,
ROUND_004,,,,viability_prediction,,,,,,,,trust,rescue_000013,46.80008917114565,32.885,23.095514996704072,13.915089171145652,,,90.53441878707996,,,,13.915089171145652,,,
ROUND_004,,,,viability_prediction,,,,,,,,trust,rescue_000016,44.952131527292465,58.35000000000001,5.0664427436755295,13.397868472707543,,,19.860455555208077,,,,-13.397868472707543,,,
ROUND_004,,,,viability_prediction,,,,,,,,trust,cand_000637,76.54205208741212,50.515,9.885163840791698,26.027052087412116,,,38.74984225590345,,,,26.027052087412116,,,
ROUND_004,,,,viability_prediction,,,,,,,,trust,cand_000374,72.54485407581217,50.6025,15.37535482335997,21.94235407581217,,,60.27139090757108,,,,21.94235407581217,,,
ROUND_004,,,,viability_prediction,,,,,,,,trust,cand_000113,64.03442627824809,52.88250000000001,18.863137933937843,11.151926278248084,,,73.94350070103634,,,,11.151926278248084,,,
ROUND_004,,,,viability_prediction,,,,,,,,trust,cand_000708,58.75409897162861,28.365,23.046276903959168,30.38909897162861,,,90.34140546351993,,,,30.38909897162861,,,
ROUND_004,,,,viability_prediction,,,,,,,,trust,cand_000776,58.77957479919056,35.825,23.980608131410815,22.95457479919056,,,94.00398387513039,,,,22.95457479919056,,,
ROUND_004,,,,viability_prediction,,,,,,,,trust,cand_001804,61.259400717629525,10.1075,22.681527140037726,51.15190071762952,,,88.91158638894788,,,,51.15190071762952,,,
ROUND_004,,,,viability_prediction,,,,,,,,trust,cand_001254,60.70502243687755,0.69,23.12024088265788,60.01502243687755,,,90.63134426001888,,,,60.01502243687755,,,
ROUND_004,,,,viability_prediction,,,,,,,,trust,cand_001144,60.223399208893625,40.4675,23.426055547128605,19.755899208893624,,,91.83013774474414,,,,19.755899208893624,,,
ROUND_004,,,,viability_prediction,,,,,,,,trust,cand_000866,60.54920868100531,30.2175,22.335355531590707,30.33170868100531,,,87.55459368383558,,,,30.33170868100531,,,
ROUND_004,,,,viability_prediction,,,,,,,,trust,cand_001721,59.675896243424894,1.3325,23.692256077157737,58.34339624342489,,,92.87364382245832,,,,58.34339624342489,,,
ROUND_005,,,,viability_prediction,,,,,,,,trust,rescue_000003,59.502151753493344,53.3425,7.003852076147249,6.159651753493343,,,27.455100138497215,,,,6.159651753493343,,,
ROUND_005,,,,viability_prediction,,,,,,,,trust,rescue_000001,40.16970249195592,9.2925,12.393000906289316,30.877202491955916,,,48.58056355265412,,,,30.877202491955916,,,
ROUND_005,,,,viability_prediction,,,,,,,,trust,cand_000731,68.46280394716243,59.182500000000005,7.843378514314983,9.280303947162423,,,30.746043776114732,,,,9.280303947162423,,,
ROUND_005,,,,viability_prediction,,,,,,,,trust,cand_000302,56.99243953767547,1.3650000000000002,24.26243253904828,55.62743953767547,,,95.10873555306925,,,,55.62743953767547,,,
ROUND_005,,,,viability_prediction,,,,,,,,trust,cand_000137,55.5562245742118,22.145000000000003,24.210561114517585,33.41122457421179,,,94.90539956890893,,,,33.41122457421179,,,
ROUND_005,,,,viability_prediction,,,,,,,,trust,cand_000566,63.20929464398577,48.3325,13.527834211553865,14.876794643985775,,,53.029110109291146,,,,14.876794643985768,,,
ROUND_005,,,,viability_prediction,,,,,,,,trust,cand_000268,55.97962349248062,19.355,23.796093807439593,36.62462349248062,,,93.2806877251632,,,,36.62462349248062,,,
ROUND_005,,,,viability_prediction,,,,,,,,trust,cand_000806,57.30696101641415,31.85,24.28745112122454,25.456961016414148,,,95.20680839520018,,,,25.456961016414148,,,
ROUND_005,,,,viability_prediction,,,,,,,,trust,cand_000807,57.30696101641415,25.5225,24.28745112122454,31.78446101641415,,,95.20680839520018,,,,31.78446101641415,,,
ROUND_005,,,,viability_prediction,,,,,,,,trust,cand_000810,57.30696101641415,6.93,24.28745112122454,50.37696101641415,,,95.20680839520018,,,,50.37696101641415,,,
ROUND_005,,,,viability_prediction,,,,,,,,trust,cand_001520,57.30696101641415,31.494999999999997,24.28745112122454,25.811961016414152,,,95.20680839520018,,,,25.811961016414152,,,
ROUND_005,,,,viability_prediction,,,,,,,,trust,cand_001526,57.30696101641415,11.912499999999998,24.28745112122454,45.394461016414155,,,95.20680839520018,,,,45.394461016414155,,,
ROUND_006,,,,viability_prediction,,,,,,,,trust,retest_v2_88865d95334d,1.4444992067671194,15.755,0.9988972145863833,14.31050079323288,,,3.915677081178622,,,,-14.310500793232881,,,
ROUND_006,,,,viability_prediction,,,,,,,,trust,retest_v2_d9aaefea702e,9.468709286190595,28.4675,0.996690962070636,18.99879071380941,,,3.9070285713168933,,,,-18.998790713809406,,,
ROUND_006,,,,viability_prediction,,,,,,,,trust,rescue_000009,65.12864501919591,48.99250000000001,11.04426839504023,16.136145019195908,,,43.293532108557706,,,,16.136145019195908,,,
ROUND_006,,,,viability_prediction,,,,,,,,trust,rescue_000026,66.33954348174896,53.712500000000006,3.091048919113526,12.627043481748956,,,12.116911762925021,,,,12.627043481748956,,,
ROUND_006,,,,viability_prediction,,,,,,,,trust,cand_000388,56.078633246607154,40.6125,24.71787912821978,15.466133246607155,,,96.89408618262154,,,,15.466133246607157,,,
ROUND_006,,,,viability_prediction,,,,,,,,trust,cand_000599,53.71104413417668,6.817499999999999,24.59404247216249,46.89354413417668,,,96.40864649087695,,,,46.89354413417668,,,
ROUND_006,,,,viability_prediction,,,,,,,,trust,cand_000452,66.59621942113174,40.18,5.566915856512772,26.416219421131736,,,21.822310157530065,,,,26.416219421131736,,,
ROUND_006,,,,viability_prediction,,,,,,,,trust,cand_001218,54.51751704270245,24.755000000000003,24.68740406206245,29.76251704270245,,,96.77462392328479,,,,29.76251704270245,,,
ROUND_006,,,,viability_prediction,,,,,,,,trust,cand_000842,56.298833180708186,8.025,24.71832313295539,48.27383318070819,,,96.89582668118513,,,,48.27383318070819,,,
ROUND_006,,,,viability_prediction,,,,,,,,trust,cand_000858,56.298833180708186,10.6,24.71832313295539,45.698833180708185,,,96.89582668118513,,,,45.698833180708185,,,
ROUND_006,,,,viability_prediction,,,,,,,,trust,cand_001700,56.29883318067364,8.125,24.71832313295539,48.17383318067364,,,96.89582668118513,,,,48.17383318067364,,,
ROUND_006,,,,viability_prediction,,,,,,,,trust,cand_001749,56.29510059337852,10.96,24.71832306905,45.33510059337852,,,96.895826430676,,,,45.33510059337852,,,
ROUND_007,,,,viability_prediction,,,,,,,,trust,retest_v2_6fb2fa9dc5d5,57.35519035795547,49.370000000000005,0.976564839353124,7.985190357955467,,,3.828134170264246,,,,7.985190357955467,,,
ROUND_007,,,,viability_prediction,,,,,,,,trust,retest_v2_e579d58c9088,8.199635037081883,13.4225,0.9992085075820124,5.222864962918116,,,3.9168973497214887,,,,-5.222864962918116,,,
ROUND_007,,,,viability_prediction,,,,,,,,trust,rescue_000002,24.045745669093986,24.2275,7.8081176210390115,0.1817543309060134,,,30.607821074472923,,,,-0.18175433090601345,,,
ROUND_007,,,,viability_prediction,,,,,,,,trust,rescue_000005,16.3855151477282,21.47,5.704083126348067,5.0844848522718,,,22.36000585528442,,,,-5.0844848522718,,,
ROUND_007,,,,viability_prediction,,,,,,,,trust,cand_000497,72.85715982015662,48.9975,5.9533368640388895,23.859659820156622,,,23.337080507032447,,,,23.859659820156622,,,
ROUND_007,,,,viability_prediction,,,,,,,,trust,cand_000249,53.46533855803599,50.095,25.010699673369164,3.3703385580359893,,,98.04194271960712,,,,3.3703385580359893,,,
ROUND_007,,,,viability_prediction,,,,,,,,trust,cand_000331,63.3870256023835,57.5075,11.763423399579231,5.879525602383502,,,46.11261972635059,,,,5.879525602383502,,,
ROUND_007,,,,viability_prediction,,,,,,,,trust,cand_001166,55.29184909143825,12.6675,25.11907820259103,42.62434909143825,,,98.46678655415684,,,,42.62434909143825,,,
ROUND_007,,,,viability_prediction,,,,,,,,trust,cand_000813,55.2919621749409,8.127500000000001,25.11907820264258,47.164462174940894,,,98.46678655435892,,,,47.164462174940894,,,
ROUND_007,,,,viability_prediction,,,,,,,,trust,cand_001453,55.291873173485136,13.4975,25.119078202614,41.79437317348514,,,98.46678655424687,,,,41.794373173485134,,,
ROUND_007,,,,viability_prediction,,,,,,,,trust,cand_001508,55.27171453577056,21.485,25.119074167629854,33.786714535770564,,,98.46677073710903,,,,33.786714535770564,,,
ROUND_007,,,,viability_prediction,,,,,,,,trust,cand_001571,55.2919621749409,5.9925,25.11907820264258,49.2994621749409,,,98.46678655435892,,,,49.2994621749409,,,
ROUND_008,,,,viability_prediction,,,,,,,,trust,retest_v2_6f20e63adb1d,49.67163459702838,26.3825,0.9858502233274996,23.28913459702838,,,3.8645328754437984,,,,23.28913459702838,,,
ROUND_008,,,,viability_prediction,,,,,,,,trust,retest_v2_445849cbfa02,11.027258208389108,23.5725,0.9992257742484612,12.54524179161089,,,3.9169650350539675,,,,-12.545241791610893,,,
ROUND_008,,,,viability_prediction,,,,,,,,trust,cand_001167,54.413487836780696,12.9175,25.397963908230043,41.4959878367807,,,99.56001852026176,,,,41.4959878367807,,,
ROUND_008,,,,viability_prediction,,,,,,,,trust,rescue_000011,48.081744403450195,33.555,4.13793958869859,14.526744403450197,,,16.22072318769847,,,,14.526744403450195,,,
ROUND_008,,,,viability_prediction,,,,,,,,trust,cand_000622,69.41114521114275,31.5375,7.573428067923968,37.87364521114275,,,29.687838026261954,,,,37.87364521114275,,,
ROUND_008,,,,viability_prediction,,,,,,,,trust,cand_000478,80.03782486107272,41.41,9.383138294084668,38.62782486107272,,,36.7819021128119,,,,38.627824861072725,,,
ROUND_008,,,,viability_prediction,,,,,,,,trust,cand_000288,54.27172123097489,4.4799999999999995,25.39784569549532,49.79172123097489,,,99.55955512634165,,,,49.79172123097489,,,
ROUND_008,,,,viability_prediction,,,,,,,,trust,cand_001095,54.42351801045155,2.9275,25.39796432617976,51.49601801045155,,,99.56002015862465,,,,51.49601801045155,,,
ROUND_008,,,,viability_prediction,,,,,,,,trust,cand_001278,54.421826079702186,16.355,25.397964309010785,38.06682607970218,,,99.56002009132227,,,,38.06682607970218,,,
ROUND_008,,,,viability_prediction,,,,,,,,trust,cand_001305,54.41942753790494,24.25,25.3979642409787,30.169427537904937,,,99.5600198246365,,,,30.169427537904937,,,
ROUND_008,,,,viability_prediction,,,,,,,,trust,cand_001647,54.41709605547173,18.295,25.397964117067037,36.12209605547173,,,99.56001933890278,,,,36.12209605547173,,,
ROUND_008,,,,viability_prediction,,,,,,,,trust,cand_001652,54.39995865017594,9.4125,25.397953197437612,44.98745865017594,,,99.55997653395544,,,,44.98745865017594,,,
FORMAL_COHORT,,,,coverage,,,,,,,,trust,,,,,,0.5,0.125,24.058614737232617,0.06717708293105555,0.22081262192749168,,,,,
FORMAL_COHORT,,,,coverage,,,,,,,,trust,,,,,,0.68,0.2638888888888889,35.47167184911555,0.17593641596552728,0.37576080561207664,,,,,
FORMAL_COHORT,,,,coverage,,,,,,,,trust,,,,,,0.8,0.3611111111111111,45.7121184901202,0.25981514475687584,0.4764773385240676,,,,,
FORMAL_COHORT,,,,coverage,,,,,,,,trust,,,,,,0.9,0.5138888888888888,58.67086890269411,0.40069555910198956,0.625675192569916,,,,,
FORMAL_COHORT,,,,coverage,,,,,,,,trust,,,,,,0.95,0.6666666666666666,69.91065229559428,0.5517938807199863,0.7646551393428815,,,,,
ROUND_003,,,,intact_probability,,,,,,,,trust,retest_v2_75d69addc009,0.455725392125923,,,,,,,,,1.0,,,,
ROUND_003,,,,intact_probability,,,,,,,,trust,rescue_000002,0.5498840382139313,,,,,,,,,1.0,,,,
ROUND_003,,,,intact_probability,,,,,,,,trust,cand_001256,0.389155289964007,,,,,,,,,1.0,,,,
ROUND_003,,,,intact_probability,,,,,,,,trust,cand_000026,0.4022274037805889,,,,,,,,,0.0,,,,
ROUND_003,,,,intact_probability,,,,,,,,trust,cand_000143,0.6482014342566541,,,,,,,,,0.0,,,,
ROUND_003,,,,intact_probability,,,,,,,,trust,cand_000293,0.7023796226029612,,,,,,,,,0.0,,,,
ROUND_003,,,,intact_probability,,,,,,,,trust,cand_000510,0.3309903543233221,,,,,,,,,0.0,,,,
ROUND_003,,,,intact_probability,,,,,,,,trust,cand_000849,0.7134560420549231,,,,,,,,,1.0,,,,
ROUND_003,,,,intact_probability,,,,,,,,trust,cand_000846,0.671882156371155,,,,,,,,,1.0,,,,
ROUND_003,,,,intact_probability,,,,,,,,trust,cand_001346,0.6772833576660431,,,,,,,,,1.0,,,,
ROUND_003,,,,intact_probability,,,,,,,,trust,cand_001770,0.1223871043645058,,,,,,,,,1.0,,,,
ROUND_003,,,,intact_probability,,,,,,,,trust,cand_001847,0.4075303061635206,,,,,,,,,0.0,,,,
ROUND_004,,,,intact_probability,,,,,,,,trust,rescue_000013,0.7432204380322273,,,,,,,,,1.0,,,,
ROUND_004,,,,intact_probability,,,,,,,,trust,rescue_000016,0.8013926985456182,,,,,,,,,1.0,,,,
ROUND_004,,,,intact_probability,,,,,,,,trust,cand_000637,0.5604900552194448,,,,,,,,,0.0,,,,
ROUND_004,,,,intact_probability,,,,,,,,trust,cand_000374,0.497494688069158,,,,,,,,,0.0,,,,
ROUND_004,,,,intact_probability,,,,,,,,trust,cand_000113,0.944725055443388,,,,,,,,,1.0,,,,
ROUND_004,,,,intact_probability,,,,,,,,trust,cand_000708,0.9084522761930802,,,,,,,,,1.0,,,,
ROUND_004,,,,intact_probability,,,,,,,,trust,cand_000776,0.9115701166228128,,,,,,,,,1.0,,,,
ROUND_004,,,,intact_probability,,,,,,,,trust,cand_001804,0.5522836250732409,,,,,,,,,0.0,,,,
ROUND_004,,,,intact_probability,,,,,,,,trust,cand_001254,0.6197089662793147,,,,,,,,,1.0,,,,
ROUND_004,,,,intact_probability,,,,,,,,trust,cand_001144,0.8767034230160422,,,,,,,,,1.0,,,,
ROUND_004,,,,intact_probability,,,,,,,,trust,cand_000866,0.8927135657413624,,,,,,,,,1.0,,,,
ROUND_004,,,,intact_probability,,,,,,,,trust,cand_001721,0.6491950626738175,,,,,,,,,1.0,,,,
ROUND_005,,,,intact_probability,,,,,,,,trust,rescue_000003,0.5166652093841042,,,,,,,,,0.0,,,,
ROUND_005,,,,intact_probability,,,,,,,,trust,rescue_000001,0.8252700898559796,,,,,,,,,1.0,,,,
ROUND_005,,,,intact_probability,,,,,,,,trust,cand_000731,0.6916863760984658,,,,,,,,,1.0,,,,
ROUND_005,,,,intact_probability,,,,,,,,trust,cand_000302,0.9993686355286256,,,,,,,,,0.0,,,,
ROUND_005,,,,intact_probability,,,,,,,,trust,cand_000137,0.9788609341292788,,,,,,,,,1.0,,,,
ROUND_005,,,,intact_probability,,,,,,,,trust,cand_000566,0.2725372031490597,,,,,,,,,0.0,,,,
ROUND_005,,,,intact_probability,,,,,,,,trust,cand_000268,0.999992787977276,,,,,,,,,1.0,,,,
ROUND_005,,,,intact_probability,,,,,,,,trust,cand_000806,0.7480994020566852,,,,,,,,,1.0,,,,
ROUND_005,,,,intact_probability,,,,,,,,trust,cand_000807,0.1793735864056067,,,,,,,,,1.0,,,,
ROUND_005,,,,intact_probability,,,,,,,,trust,cand_000810,0.9084921250003248,,,,,,,,,1.0,,,,
ROUND_005,,,,intact_probability,,,,,,,,trust,cand_001520,0.7553618106279731,,,,,,,,,1.0,,,,
ROUND_005,,,,intact_probability,,,,,,,,trust,cand_001526,0.9613214834629756,,,,,,,,,1.0,,,,
ROUND_006,,,,intact_probability,,,,,,,,trust,retest_v2_88865d95334d,0.144023622132537,,,,,,,,,1.0,,,,
ROUND_006,,,,intact_probability,,,,,,,,trust,retest_v2_d9aaefea702e,0.8317817793138509,,,,,,,,,1.0,,,,
ROUND_006,,,,intact_probability,,,,,,,,trust,rescue_000009,0.5603522727247767,,,,,,,,,0.0,,,,
ROUND_006,,,,intact_probability,,,,,,,,trust,rescue_000026,0.7110224842934793,,,,,,,,,1.0,,,,
ROUND_006,,,,intact_probability,,,,,,,,trust,cand_000388,0.9882134758639176,,,,,,,,,1.0,,,,
ROUND_006,,,,intact_probability,,,,,,,,trust,cand_000599,0.9785081413996578,,,,,,,,,0.0,,,,
ROUND_006,,,,intact_probability,,,,,,,,trust,cand_000452,0.8998345731825302,,,,,,,,,1.0,,,,
ROUND_006,,,,intact_probability,,,,,,,,trust,cand_001218,0.000271198297703,,,,,,,,,1.0,,,,
ROUND_006,,,,intact_probability,,,,,,,,trust,cand_000842,0.999999999993527,,,,,,,,,1.0,,,,
ROUND_006,,,,intact_probability,,,,,,,,trust,cand_000858,1.0,,,,,,,,,1.0,,,,
ROUND_006,,,,intact_probability,,,,,,,,trust,cand_001700,0.0007375093235613,,,,,,,,,1.0,,,,
ROUND_006,,,,intact_probability,,,,,,,,trust,cand_001749,0.9210541490292116,,,,,,,,,1.0,,,,
ROUND_007,,,,intact_probability,,,,,,,,trust,retest_v2_6fb2fa9dc5d5,0.8688306842996806,,,,,,,,,1.0,,,,
ROUND_007,,,,intact_probability,,,,,,,,trust,retest_v2_e579d58c9088,0.7384969017380637,,,,,,,,,1.0,,,,
ROUND_007,,,,intact_probability,,,,,,,,trust,rescue_000002,0.6931266866376704,,,,,,,,,1.0,,,,
ROUND_007,,,,intact_probability,,,,,,,,trust,rescue_000005,0.7836229465914112,,,,,,,,,1.0,,,,
ROUND_007,,,,intact_probability,,,,,,,,trust,cand_000497,0.7509659483015739,,,,,,,,,1.0,,,,
ROUND_007,,,,intact_probability,,,,,,,,trust,cand_000249,0.3254862379675461,,,,,,,,,1.0,,,,
ROUND_007,,,,intact_probability,,,,,,,,trust,cand_000331,0.9500046496612016,,,,,,,,,1.0,,,,
ROUND_007,,,,intact_probability,,,,,,,,trust,cand_001166,0.9649598202213122,,,,,,,,,1.0,,,,
ROUND_007,,,,intact_probability,,,,,,,,trust,cand_000813,0.9999972835517202,,,,,,,,,1.0,,,,
ROUND_007,,,,intact_probability,,,,,,,,trust,cand_001453,0.614276116447616,,,,,,,,,1.0,,,,
ROUND_007,,,,intact_probability,,,,,,,,trust,cand_001508,0.9822714060297344,,,,,,,,,1.0,,,,
ROUND_007,,,,intact_probability,,,,,,,,trust,cand_001571,0.9999949879202248,,,,,,,,,1.0,,,,
ROUND_008,,,,intact_probability,,,,,,,,trust,retest_v2_6f20e63adb1d,0.8067033305916466,,,,,,,,,1.0,,,,
ROUND_008,,,,intact_probability,,,,,,,,trust,retest_v2_445849cbfa02,0.9673086942102448,,,,,,,,,1.0,,,,
ROUND_008,,,,intact_probability,,,,,,,,trust,cand_001167,0.9775254727243776,,,,,,,,,1.0,,,,
ROUND_008,,,,intact_probability,,,,,,,,trust,rescue_000011,0.8426607630131968,,,,,,,,,1.0,,,,
ROUND_008,,,,intact_probability,,,,,,,,trust,cand_000622,0.7087675031987882,,,,,,,,,1.0,,,,
ROUND_008,,,,intact_probability,,,,,,,,trust,cand_000478,0.6936904084931093,,,,,,,,,1.0,,,,
ROUND_008,,,,intact_probability,,,,,,,,trust,cand_000288,0.9939209306112444,,,,,,,,,1.0,,,,
ROUND_008,,,,intact_probability,,,,,,,,trust,cand_001095,0.9973675430646288,,,,,,,,,1.0,,,,
ROUND_008,,,,intact_probability,,,,,,,,trust,cand_001278,0.982062016239906,,,,,,,,,1.0,,,,
ROUND_008,,,,intact_probability,,,,,,,,trust,cand_001305,0.9921668929223147,,,,,,,,,1.0,,,,
ROUND_008,,,,intact_probability,,,,,,,,trust,cand_001647,0.9959155955054484,,,,,,,,,1.0,,,,
ROUND_008,,,,intact_probability,,,,,,,,trust,cand_001652,0.828465874157336,,,,,,,,,1.0,,,,
