endpoint,formulation_id,batch_id,actual,predicted,predicted_std,absolute_error,squared_error,panel,viability_r2,load_r2
viability_percent,legacy_lit_5,legacy_literature,84.5,62.94319171448257,14.622970030128888,21.556808285517427,464.6959834585528,all_cv,,
viability_percent,legacy_lit_12,legacy_literature,95.2,69.66380865730434,17.434654560402727,25.53619134269566,652.0970682907647,all_cv,,
viability_percent,legacy_lit_19,legacy_literature,92.35,35.67926250110063,12.237710312181632,56.67073749889936,3211.5724886691587,all_cv,,
viability_percent,legacy_lit_37,legacy_literature,100.0,67.26307910349755,6.998880543184802,32.736920896502454,1071.705989783859,all_cv,,
viability_percent,legacy_lit_39,legacy_literature,80.0,73.82457286176813,10.441725088097185,6.175427138231868,38.13590033961064,all_cv,,
viability_percent,legacy_lit_45,legacy_literature,28.0,54.9059000033804,19.302525990169745,26.905900003380403,723.9274549919055,all_cv,,
viability_percent,legacy_lit_54,legacy_literature,65.0,35.38875364218518,6.201626917120245,29.61124635781482,876.8259108632014,all_cv,,
viability_percent,legacy_lit_59,legacy_literature,77.0,49.58665496684652,22.347559098686663,27.413345033153483,751.4914859067208,all_cv,,
viability_percent,legacy_lit_68,legacy_literature,74.0,37.030539075192955,13.403468350399605,36.969460924807045,1366.7410410708349,all_cv,,
viability_percent,legacy_lit_74,legacy_literature,78.0,49.87220716888783,23.895851217017956,28.127792831112167,791.172729549965,all_cv,,
viability_percent,legacy_lit_79,legacy_literature,38.0,43.48969419274972,21.221935623072287,5.489694192749717,30.136742329909964,all_cv,,
viability_percent,legacy_lit_87,legacy_literature,49.3,25.268350007904264,15.374663048472156,24.031649992095733,577.5202013425949,all_cv,,
viability_percent,legacy_lit_91,legacy_literature,53.2,48.47081113171715,24.23083500246156,4.729188868282847,22.365227351890397,all_cv,,
viability_percent,legacy_lit_96,legacy_literature,64.3,53.053403001833814,23.28246346128916,11.246596998166185,126.4859440391606,all_cv,,
viability_percent,legacy_lit_102,legacy_literature,43.0,35.38430375987273,6.233720621871327,7.615696240127271,57.99882922188865,all_cv,,
viability_percent,legacy_lit_114,legacy_literature,87.56,54.40717121165261,4.488726145113001,33.15282878834739,1099.1100566694756,all_cv,,
viability_percent,legacy_lit_128,legacy_literature,80.0,50.286080634391745,4.15769364941439,29.713919365608255,882.9170040658693,all_cv,,
viability_percent,legacy_lit_132,legacy_literature,38.0,38.17673978657656,6.0510256805684355,0.1767397865765616,0.0312369521591285,all_cv,,
viability_percent,legacy_lit_137,legacy_literature,70.0,49.81476703962901,17.504905226931413,20.185232960370996,407.44362966444766,all_cv,,
viability_percent,legacy_lit_198,legacy_literature,86.0,35.38741152196842,6.208130909278844,50.61258847803158,2561.6341124465753,all_cv,,
viability_percent,legacy_lit_202,legacy_literature,65.0,76.37074106054206,11.795558509005874,11.37074106054206,129.29375226589715,all_cv,,
viability_percent,legacy_lit_207,legacy_literature,70.0,52.55286016265923,17.198099740206345,17.44713983734077,304.40268850372337,all_cv,,
viability_percent,legacy_lit_215,legacy_literature,78.33333333333333,38.05335991404689,20.163100576650045,40.27997341928644,1622.4762586584222,all_cv,,
viability_percent,legacy_lit_225,legacy_literature,38.0,37.5553449659747,17.540868075817283,0.4446550340253026,0.197718099284043,all_cv,,
viability_percent,legacy_lit_252,legacy_literature,17.0,31.486118019092675,11.175511139509725,14.486118019092675,209.8476152630815,all_cv,,
viability_percent,legacy_lit_257,legacy_literature,62.0,48.44564241581261,22.055654090455555,13.554357584187391,183.72060952001831,all_cv,,
viability_percent,legacy_lit_262,legacy_literature,80.0,23.456141989815492,11.205646544153373,56.54385801018451,3197.2078786759066,all_cv,,
viability_percent,legacy_lit_277,legacy_literature,84.0,52.685051513620856,25.3957088881214,31.314948486379144,980.6259987045796,all_cv,,
viability_percent,legacy_lit_289,legacy_literature,94.0,44.537202896216705,3.4309324820141938,49.462797103783295,2446.568297330033,all_cv,,
viability_percent,legacy_lit_306,legacy_literature,99.0,35.38830019686195,6.202355176293539,63.61169980313805,4046.4483518445536,all_cv,,
viability_percent,legacy_lit_313,legacy_literature,10.0,57.287518425165125,19.059506305449418,47.287518425165125,2236.109398810331,all_cv,,
viability_percent,legacy_lit_318,legacy_literature,38.0,61.81776101510879,4.496242387236433,23.817761015108793,567.2857397728362,all_cv,,
viability_percent,legacy_lit_326,legacy_literature,74.33333333333333,74.33225296997242,16.216618534810188,0.0010803633609128,1.167184991602982e-06,all_cv,,
viability_percent,legacy_lit_339,legacy_literature,84.3,53.50892740826035,25.465517112516103,30.79107259173965,948.0901513497806,all_cv,,
viability_percent,legacy_lit_347,legacy_literature,69.5,63.908051722342805,17.380385058518403,5.591948277657195,31.269885539993275,all_cv,,
viability_percent,legacy_lit_352,legacy_literature,69.6,57.39909037999608,20.099571189127,12.200909620003912,148.862195555504,all_cv,,
viability_percent,legacy_lit_357,legacy_literature,74.9,55.21266021366201,19.78201859243178,19.687339786337994,387.59134786272693,all_cv,,
viability_percent,legacy_lit_361,legacy_literature,50.3,51.32071515852009,21.08318002140586,1.0207151585200904,1.0418594348326933,all_cv,,
viability_percent,legacy_lit_375,legacy_literature,81.3,58.57970608068925,3.518960555771201,22.72029391931075,516.211755779869,all_cv,,
viability_percent,legacy_wetlab_EXP102,legacy_wetlab,38.14,36.46741950281999,4.795826086352277,1.6725804971800071,2.7975255195469204,all_cv,,
viability_percent,legacy_wetlab_EXP205,legacy_wetlab,63.31,50.140687495946615,23.162132414220142,13.169312504053387,173.4307918294169,all_cv,,
viability_percent,legacy_wetlab_EXP303,legacy_wetlab,6.5,51.136549837133785,25.36381766014033,44.636549837133785,1992.421581362928,all_cv,,
viability_percent,legacy_wetlab_EXP1101,legacy_wetlab,15.27,46.69275120710943,5.637697209174436,31.42275120710943,987.3892934238972,all_cv,,
viability_percent,legacy_wetlab_EXP1106,legacy_wetlab,48.85,55.53633787624528,11.948651794460895,6.686337876245275,44.70711419531218,all_cv,,
viability_percent,legacy_wetlab_EXP1206,legacy_wetlab,36.12,48.16737063673668,22.21565416305327,12.04737063673668,145.13913925890515,all_cv,,
viability_percent,legacy_wetlab_EXP2104,legacy_wetlab,53.4,39.298502548558034,16.898031823992703,14.101497451441965,198.85223037302424,all_cv,,
viability_percent,legacy_wetlab_EXP3102,legacy_wetlab,51.94,52.87189383405549,25.452174435219582,0.9318938340554936,0.868426117950648,all_cv,,
viability_percent,legacy_wetlab_EXP3107,legacy_wetlab,63.25,42.05109621602843,5.779529213856181,21.198903783971573,449.3935216420843,all_cv,,
viability_percent,legacy_wetlab_EXP4104,legacy_wetlab,76.91,61.20063178445815,2.787647556346322,15.709368215541843,246.7842497314763,all_cv,,
viability_percent,legacy_wetlab_EXP5103,legacy_wetlab,72.48,50.27583864472994,6.498510782014916,22.204161355270067,493.02478149086863,all_cv,,
viability_percent,legacy_wetlab_EXP5108,legacy_wetlab,59.17,38.363597736219035,3.8043862019555816,20.806402263780967,432.90637516226974,all_cv,,
viability_percent,legacy_wetlab_EXP5201,legacy_wetlab,27.08,53.471214167995434,25.46524327750328,26.391214167995436,696.496185261003,all_cv,,
viability_percent,legacy_wetlab_EXP5206,legacy_wetlab,13.35,52.488304294721544,25.395704820981848,39.13830429472154,1531.8068630662187,all_cv,,
viability_percent,legacy_wetlab_EXP5211,legacy_wetlab,7.39,51.57165949929461,23.89121894658286,44.18165949929461,1952.019036111609,all_cv,,
viability_percent,legacy_wetlab_EXP6105,legacy_wetlab,53.08,56.31246443075731,25.140810782497105,3.232464430757318,10.448826296111232,all_cv,,
viability_percent,legacy_wetlab_EXP7104,legacy_wetlab,75.91,78.7563939814045,3.0625899983921108,2.8463939814045034,8.10195869737578,all_cv,,
viability_percent,legacy_wetlab_EXP7109,legacy_wetlab,11.49,59.34554433789199,22.557253506454717,47.855544337891985,2290.1531238759458,all_cv,,
viability_percent,legacy_wetlab_EXP8102,legacy_wetlab,71.7,67.51923120561936,2.5102148150744203,4.18076879438064,17.47882771206695,all_cv,,
viability_percent,legacy_wetlab_EXP8107,legacy_wetlab,54.64,42.28155244659341,10.428732071378237,12.358447553406592,152.73122593030138,all_cv,,
viability_percent,legacy_wetlab_EXP9104,legacy_wetlab,74.92,64.9082611897094,3.212656733124354,10.011738810290597,100.23491400547894,all_cv,,
viability_percent,v2_655729013931,ROUND_002,64.9,63.57694870050552,4.910896387298206,1.3230512994944874,1.750464741094052,all_cv,,
viability_percent,v2_384020959c42,ROUND_002,21.375,50.46544221445153,22.53385095450002,29.090442214451528,846.2538282323435,all_cv,,
viability_percent,v2_b2c883db5caf,ROUND_002,43.185,49.41652797220392,25.15295273371416,6.231527972203914,38.83194086835982,all_cv,,
viability_percent,v2_430e18c49d10,ROUND_003,65.0,35.7822649558438,6.401754972524982,29.2177350441562,853.6760411105133,all_cv,,
viability_percent,v2_d93bf1a562c8,ROUND_003,29.0,53.50358819158279,25.46551849556454,24.503588191582793,600.4258342626757,all_cv,,
viability_percent,v2_27a2b16cc327,ROUND_003,53.0,66.20932645126973,12.308566954391363,13.209326451269732,174.4863052962142,all_cv,,
viability_percent,v2_6fb2fa9dc5d5,ROUND_004,58.35,40.44792868358076,4.335837056828552,17.90207131641924,320.48415741816046,all_cv,,
viability_percent,v2_6fb2fa9dc5d5,ROUND_007,49.37,40.44792868358076,4.335837056828552,8.922071316419235,79.60335657527085,all_cv,,
viability_percent,v2_8d9d8b0a7098,ROUND_004,50.6025,47.399481406402195,11.277161827119263,3.203018593597804,10.259328110933254,all_cv,,
viability_percent,v2_eb8bb8b8618f,ROUND_004,52.8825,58.75682517454701,20.144694169571817,5.87432517454701,34.50769625631676,all_cv,,
viability_percent,v2_1be28fc1c3ad,ROUND_005,53.3425,53.97035918985484,6.033816036026845,0.6278591898548385,0.3942071622851741,all_cv,,
viability_percent,v2_c52464fe22c3,ROUND_005,6.93,37.76253699391431,21.88366796882998,30.83253699391431,950.6453374810944,all_cv,,
viability_percent,v2_0edd7362eda9,ROUND_006,8.025,32.23686603166085,19.977297560664557,24.211866031660858,586.2144567350928,all_cv,,
viability_percent,v2_e579d58c9088,ROUND_006,8.125,53.5040580282977,25.465518496821595,45.3790580282977,2059.25890753561,all_cv,,
viability_percent,v2_e579d58c9088,ROUND_007,13.4225,53.5040580282977,25.465518496821595,40.0815580282977,1606.5312939757955,all_cv,,
viability_percent,v2_724742f4ebc1,ROUND_007,12.6675,53.50302887966952,25.465518481573543,40.835528879669525,1667.5404188823238,all_cv,,
viability_percent,v2_a1a1ae0b19bb,ROUND_007,13.4975,53.49839268946045,25.465518037869774,40.00089268946046,1600.071415953731,all_cv,,
viability_percent,v2_acaa3c7de271,ROUND_007,21.485,53.45924572887063,25.465496907892376,31.974245728870628,1022.3523899302016,all_cv,,
viability_percent,v2_4b9990641d38,ROUND_008,12.9175,53.45033662965725,25.46551264213145,40.532836629657254,1642.9108452464848,all_cv,,
viability_percent,v2_00d4dc35ee8a,ROUND_008,4.4799999999999995,52.501406707709,25.462200368732628,48.021406707709005,2306.0555021871996,all_cv,,
viability_percent,legacy_lit_18,legacy_literature,94.18,40.24516893586983,12.828816939535551,53.93483106413018,2908.9660019162616,all_cv,,
viability_percent,legacy_lit_30,legacy_literature,10.0,38.111101946073234,6.841797148564298,28.111101946073234,790.2340526225223,all_cv,,
viability_percent,legacy_lit_44,legacy_literature,22.0,54.70388964761929,20.092817756801363,32.70388964761929,1069.5443980836603,all_cv,,
viability_percent,legacy_lit_49,legacy_literature,88.5,59.71962475441143,23.544999227914893,28.780375245588573,828.3099992768875,all_cv,,
viability_percent,legacy_lit_53,legacy_literature,56.0,38.03530186957351,6.837445177880695,17.96469813042649,322.73037891734907,all_cv,,
viability_percent,legacy_lit_58,legacy_literature,50.0,53.57008141247604,25.91160203259236,3.5700814124760427,12.745481291706936,all_cv,,
viability_percent,legacy_lit_67,legacy_literature,56.0,43.06977460621253,18.082047387501035,12.930225393787468,167.19072873414626,all_cv,,
viability_percent,legacy_lit_71,legacy_literature,76.0,47.30802328317881,17.54073474546625,28.691976716821188,823.2295279186092,all_cv,,
viability_percent,legacy_lit_78,legacy_literature,36.0,33.45452306213207,19.70166866233397,2.5454769378679316,6.479452841217502,all_cv,,
viability_percent,legacy_lit_86,legacy_literature,5.7,19.62672362274133,7.458847706538893,13.926723622741331,193.95363086422145,all_cv,,
viability_percent,legacy_lit_90,legacy_literature,4.6,53.48820007010781,25.91279112719845,48.88820007010781,2390.056106094889,all_cv,,
viability_percent,legacy_lit_95,legacy_literature,69.2,44.94388079634855,18.629761663440146,24.25611920365145,588.3593188217487,all_cv,,
viability_percent,legacy_lit_101,legacy_literature,77.0,38.20796819233479,6.83417631399112,38.79203180766521,1504.8217317669094,all_cv,,
viability_percent,legacy_lit_112,legacy_literature,31.883333333333336,38.111101946073234,6.841797148564298,6.227768612739897,38.78510189382823,all_cv,,
viability_percent,legacy_lit_119,legacy_literature,40.0,48.81247227835435,25.23704781388961,8.812472278354356,77.65966765676401,all_cv,,
viability_percent,legacy_lit_127,legacy_literature,70.0,52.980762987672264,4.249861432504744,17.019237012327736,289.6544284817863,all_cv,,
viability_percent,legacy_lit_131,legacy_literature,32.0,44.43801689648101,6.688186494299389,12.43801689648101,154.70426431714708,all_cv,,
viability_percent,legacy_lit_136,legacy_literature,40.0,51.434167484096754,25.41312691041798,11.434167484096754,130.7401860543755,all_cv,,
viability_percent,legacy_lit_197,legacy_literature,83.0,38.111101946073234,6.841797148564298,44.888898053926766,2015.0131684958303,all_cv,,
viability_percent,legacy_lit_200,legacy_literature,80.0,38.111101946073234,6.841797148564298,41.888898053926766,1754.6797801722696,all_cv,,
viability_percent,legacy_lit_206,legacy_literature,70.0,44.84910495372476,18.85813391293654,25.15089504627524,632.5675216287523,all_cv,,
viability_percent,legacy_lit_212,legacy_literature,69.66666666666667,52.98355608838192,25.79752524546988,16.683110578284747,278.32617856727643,all_cv,,
viability_percent,legacy_lit_224,legacy_literature,91.0,69.70034091154304,19.882926295316008,21.299659088456963,453.6754772844873,all_cv,,
viability_percent,legacy_lit_251,legacy_literature,5.0,30.323208436445697,11.377475831461629,25.323208436445697,641.2648855156745,all_cv,,
viability_percent,legacy_lit_256,legacy_literature,30.666666666666668,39.54929957873835,20.983504987452697,8.882632912071681,78.90116745061904,all_cv,,
viability_percent,legacy_lit_261,legacy_literature,75.0,30.311194062102583,6.493756618870442,44.68880593789741,1997.089376155055,all_cv,,
viability_percent,legacy_lit_276,legacy_literature,78.0,37.670950309339005,8.29744646690462,40.329049690660995,1626.4322489518036,all_cv,,
viability_percent,legacy_lit_288,legacy_literature,82.0,36.801251957250685,20.485718710912337,45.198748042749315,2042.926824631935,all_cv,,
viability_percent,legacy_lit_310,legacy_literature,87.0,28.040404176632872,10.45875528525331,58.95959582336712,3476.23393965481,all_cv,,
viability_percent,legacy_lit_317,legacy_literature,45.0,60.556701033475726,7.413979194782929,15.556701033475726,242.01094704494471,all_cv,,
viability_percent,legacy_lit_323,legacy_literature,77.66666666666667,72.3595305143931,16.14423306756767,5.307136152273571,28.16569413876913,all_cv,,
viability_percent,legacy_lit_338,legacy_literature,84.3,46.523147844109104,25.708669319501286,37.77685215589089,1427.0905588080384,all_cv,,
viability_percent,legacy_lit_346,legacy_literature,68.5,56.32348296527584,18.0851892733892,12.176517034724164,148.2675670969277,all_cv,,
viability_percent,legacy_lit_351,legacy_literature,73.1,63.6678147538006,18.821533421032743,9.432185246199396,88.96611851862156,all_cv,,
viability_percent,legacy_lit_356,legacy_literature,73.0,57.62303929629895,18.154334605793096,15.376960703701052,236.45092048316633,all_cv,,
viability_percent,legacy_lit_360,legacy_literature,52.1,55.96381907603377,21.659259527549924,3.8638190760337703,14.929097852322462,all_cv,,
viability_percent,legacy_lit_369,legacy_literature,92.7,76.71656153976957,16.89190499117787,15.983438460230431,255.47030501197332,all_cv,,
viability_percent,legacy_lit_374,legacy_literature,73.95,43.25475361315058,6.828115018483167,30.695246386849423,942.1981507493928,all_cv,,
viability_percent,legacy_lit_386,legacy_literature,77.0,47.986033853513504,24.767575022892064,29.013966146486496,841.8102315494644,all_cv,,
viability_percent,legacy_wetlab_EXP101,legacy_wetlab,21.01,13.088732415792292,4.943260809733313,7.921267584207708,62.74648014061982,all_cv,,
viability_percent,legacy_wetlab_EXP106,legacy_wetlab,8.39,54.657012594220106,24.61520680160316,46.267012594220105,2140.636454393722,all_cv,,
viability_percent,legacy_wetlab_EXP204,legacy_wetlab,50.29,54.744827085071535,23.95068941050708,4.4548270850715355,19.845484357886953,all_cv,,
viability_percent,legacy_wetlab_EXP302,legacy_wetlab,56.18,63.89135332987819,16.250595660205924,7.711353329878193,59.464970178223496,all_cv,,
viability_percent,legacy_wetlab_EXP1105,legacy_wetlab,79.09,61.40406325379038,2.2306238956725,17.68593674620962,312.79235859092773,all_cv,,
viability_percent,legacy_wetlab_EXP1205,legacy_wetlab,31.19,52.48211898709651,25.87900763382388,21.29211898709651,453.3543309606758,all_cv,,
viability_percent,legacy_wetlab_EXP2103,legacy_wetlab,51.61,60.962624056028936,6.749077557486354,9.352624056028937,87.47157673341115,all_cv,,
viability_percent,legacy_wetlab_EXP3101,legacy_wetlab,63.61,64.45739318507782,3.876734848321462,0.84739318507782,0.7180752101163326,all_cv,,
viability_percent,legacy_wetlab_EXP3106,legacy_wetlab,42.1,42.849473656289526,22.072486958730487,0.7494736562895241,0.5617107614719877,all_cv,,
viability_percent,legacy_wetlab_EXP4103,legacy_wetlab,73.15,60.69052442508542,3.1252159578819354,12.459475574914585,155.23853160189313,all_cv,,
viability_percent,legacy_wetlab_EXP5102,legacy_wetlab,70.04,53.20794584615896,4.5164174426833315,16.83205415384105,283.31804703783774,all_cv,,
viability_percent,legacy_wetlab_EXP5107,legacy_wetlab,75.16,52.00420819882427,22.50564337293556,23.155791801175724,536.1906939393969,all_cv,,
viability_percent,legacy_wetlab_EXP5112,legacy_wetlab,87.85,69.46368015877972,2.858682196238056,18.38631984122027,338.0567573036502,all_cv,,
viability_percent,legacy_wetlab_EXP5205,legacy_wetlab,6.86,51.861616021352376,25.872967028202844,45.001616021352376,2025.1454445332388,all_cv,,
viability_percent,legacy_wetlab_EXP5210,legacy_wetlab,20.96,51.98857065832188,25.848008542738217,31.028570658321883,962.7721970984736,all_cv,,
viability_percent,legacy_wetlab_EXP6104,legacy_wetlab,65.5,65.46324433378868,4.047786017476177,0.0367556662113202,0.0013509789986379,all_cv,,
viability_percent,legacy_wetlab_EXP7103,legacy_wetlab,76.36,80.47775289813256,2.050102466131565,4.117752898132565,16.955888930079137,all_cv,,
viability_percent,legacy_wetlab_EXP7108,legacy_wetlab,70.64,81.33002171553994,2.3394551433627004,10.690021715539942,114.27656427871553,all_cv,,
viability_percent,legacy_wetlab_EXP8101,legacy_wetlab,71.22,56.341645972006546,3.181836152219179,14.878354027993453,221.365418582309,all_cv,,
viability_percent,legacy_wetlab_EXP8106,legacy_wetlab,64.37,61.02102420176447,6.101175733897568,3.3489757982355357,11.215638897167343,all_cv,,
viability_percent,legacy_wetlab_EXP9103,legacy_wetlab,71.75,69.26480946563676,2.4331448079355646,2.485190534363241,6.176171992088651,all_cv,,
viability_percent,legacy_wetlab_EXP9108,legacy_wetlab,36.44,51.714355324555314,10.462531569429206,15.274355324555316,233.30593058077133,all_cv,,
viability_percent,v2_237544a25f30,ROUND_001,69.21,82.03490496402466,18.618040481789773,12.824904964024668,164.47818733626457,all_cv,,
viability_percent,v2_e0e6b16a3f20,ROUND_001,26.53,53.48709735783495,25.912791115592363,26.957097357834947,726.6850979597918,all_cv,,
viability_percent,v2_e0e6b16a3f20,ROUND_002,30.4375,53.48709735783495,25.912791115592363,23.049597357834948,531.2839383583118,all_cv,,
viability_percent,v2_19eed4dca0d3,ROUND_001,35.84,53.48812556366442,25.91279112818212,17.648125563664415,311.45633591086545,all_cv,,
viability_percent,v2_a803deb82ca6,ROUND_001,28.72,53.484578975074925,25.91279108767646,24.76457897507493,613.2843718127231,all_cv,,
viability_percent,v2_42188f45e98a,ROUND_002,38.805,53.25220144758854,5.657379752875488,14.44720144758854,208.7216296672044,all_cv,,
viability_percent,v2_34d667ff4762,ROUND_002,63.88,69.39076561382134,2.231972740626522,5.5107656138213414,30.368537650475705,all_cv,,
viability_percent,v2_8a721b7d8f1c,ROUND_002,63.9975,55.40717759588645,12.496511546622118,8.59032240411355,73.79363900661521,all_cv,,
viability_percent,v2_4aeffae55153,ROUND_003,48.5,53.50685627320695,24.17623287916304,5.0068562732069495,25.068609740551786,all_cv,,
viability_percent,v2_0e9e2b605ce7,ROUND_004,50.515,67.38539868399992,8.215101020781669,16.870398683999923,284.61035175710634,all_cv,,
viability_percent,v2_6005e837cd4b,ROUND_004,28.365,55.35549219635636,24.818662860507363,26.990492196356357,728.4866690015734,all_cv,,
viability_percent,v2_711df1b41503,ROUND_005,48.3325,71.4589416621535,16.067161628655587,23.126441662153503,534.8323039529893,all_cv,,
viability_percent,v2_ea8a9ce5fcb2,ROUND_006,48.9925,76.20573910317411,14.149357094307284,27.21323910317411,740.5603824865245,all_cv,,
viability_percent,v2_9d3ceb7016d5,ROUND_006,10.6,39.179483157192394,24.99099275032423,28.579483157192392,816.7868575322436,all_cv,,
viability_percent,v2_d880ac9c9187,ROUND_007,21.47,17.28429406556384,3.7834134186313584,4.185705934436157,17.520134169574064,all_cv,,
viability_percent,v2_6f20e63adb1d,ROUND_007,48.9975,55.67566501847384,5.013877121728034,6.678165018473834,44.59788801396762,all_cv,,
viability_percent,v2_6f20e63adb1d,ROUND_008,26.3825,55.67566501847384,5.013877121728034,29.293165018473836,858.0895167995393,all_cv,,
viability_percent,v2_b2a7d8453992,ROUND_008,31.5375,77.75222677452246,8.714868886284119,46.214726774522454,2135.8009708437626,all_cv,,
viability_percent,v2_c29d85c403ed,ROUND_008,2.9275,53.4338113040194,25.912781879231463,50.5063113040194,2550.8874815385175,all_cv,,
viability_percent,legacy_lit_3,legacy_literature,77.74,69.83655515422424,5.008330258754302,7.903444845775752,62.4644404302193,all_cv,,
viability_percent,legacy_lit_9,legacy_literature,65.48,38.23838831005578,6.9689970358187505,27.24161168994422,742.1054074657056,all_cv,,
viability_percent,legacy_lit_16,legacy_literature,95.7,39.91262476367653,15.359681595582494,55.78737523632347,3112.2312357583573,all_cv,,
viability_percent,legacy_lit_20,legacy_literature,89.43,50.99649122779278,25.844271446990497,38.433508772207226,1477.1345965433295,all_cv,,
viability_percent,legacy_lit_21,legacy_literature,68.0,58.43686885200201,7.360053965214853,9.563131147997993,91.4534773538094,all_cv,,
viability_percent,legacy_lit_31,legacy_literature,17.0,44.96705328770551,6.711338582683641,27.96705328770551,782.1560695973596,all_cv,,
viability_percent,legacy_lit_36,legacy_literature,70.0,74.34651416604035,6.01502031883587,4.34651416604035,18.892185395589443,all_cv,,
viability_percent,legacy_lit_43,legacy_literature,85.07,55.30163443075415,17.021053339320623,29.768365569245844,886.1555886642615,all_cv,,
viability_percent,legacy_lit_48,legacy_literature,85.65,56.144055152623565,20.216400494841153,29.50594484737644,870.6007813364204,all_cv,,
viability_percent,legacy_lit_52,legacy_literature,47.0,38.208794658115224,6.974240237321641,8.791205341884776,77.28529136318342,all_cv,,
viability_percent,legacy_lit_57,legacy_literature,57.666666666666664,57.00797657729477,22.569040167301505,0.6586900893718948,0.4338726338367547,all_cv,,
viability_percent,legacy_lit_65,legacy_literature,81.33333333333333,78.84823429565569,8.598438659511258,2.4850990376776423,6.175717227066344,all_cv,,
viability_percent,legacy_lit_70,legacy_literature,47.0,44.76442326114542,16.78295519740141,2.235576738854583,4.997803355307692,all_cv,,
viability_percent,legacy_lit_77,legacy_literature,28.0,31.19752064848992,18.02065511635585,3.1975206484899203,10.2241382975194,all_cv,,
viability_percent,legacy_lit_85,legacy_literature,82.6,59.08106902484767,20.654569800340496,23.518930975152323,553.1401142139794,all_cv,,
viability_percent,legacy_lit_94,legacy_literature,55.4,33.6455842892462,18.73536602967704,21.754415710753797,473.2546029162916,all_cv,,
viability_percent,legacy_lit_99,legacy_literature,65.0,38.210982386099246,6.973840285337979,26.789017613900754,717.6514647178848,all_cv,,
viability_percent,legacy_lit_100,legacy_literature,75.0,38.228211143114066,6.971760021311929,36.771788856885934,1352.1644557354005,all_cv,,
viability_percent,legacy_lit_109,legacy_literature,95.0,68.04138671443015,22.673021527749615,26.958613285569857,726.7668302809034,all_cv,,
viability_percent,legacy_lit_118,legacy_literature,46.8,47.74291125050005,23.41823396064211,0.9429112505000532,0.8890816263195741,all_cv,,
viability_percent,legacy_lit_126,legacy_literature,82.9,75.06068500238007,9.45166626409491,7.839314997619937,61.45485963190887,all_cv,,
viability_percent,legacy_lit_130,legacy_literature,65.0,54.47961751362406,19.737522996964785,10.520382486375937,110.67844765964551,all_cv,,
viability_percent,legacy_lit_135,legacy_literature,60.0,46.33973307125511,25.065338577562745,13.660266928744887,186.60289256456133,all_cv,,
viability_percent,legacy_lit_196,legacy_literature,80.0,38.19375316026291,6.975950790498228,41.80624683973709,1747.7622748250276,all_cv,,
viability_percent,legacy_lit_205,legacy_literature,75.0,60.52834437337601,18.758898852914175,14.471655626623992,209.42881657559784,all_cv,,
viability_percent,legacy_lit_221,legacy_literature,70.66666666666667,53.290345597859734,25.94949207041787,17.376321068806938,301.9365338862639,all_cv,,
viability_percent,legacy_lit_237,legacy_literature,93.4,38.34934709946783,6.944546005580572,55.05065290053218,3030.574384774872,all_cv,,
viability_percent,legacy_lit_255,legacy_literature,9.833333333333334,39.56996360918402,15.787842895666762,29.73663027585069,884.2671801626396,all_cv,,
viability_percent,legacy_lit_260,legacy_literature,19.0,40.15632334262688,23.643075964150754,21.156323342626877,447.5900173777789,all_cv,,
viability_percent,legacy_lit_275,legacy_literature,30.0,50.57072402688458,25.802957645206597,20.570724026884577,423.1546869902464,all_cv,,
viability_percent,legacy_lit_287,legacy_literature,60.0,38.19375316026291,6.975950790498228,21.806246839737092,475.5124012355439,all_cv,,
viability_percent,legacy_lit_316,legacy_literature,73.0,25.786509510901535,20.41966831139657,47.21349048909846,2229.113684164191,all_cv,,
viability_percent,legacy_lit_322,legacy_literature,63.02,80.35890468823598,12.13597812842604,17.338904688235978,300.6376157877316,all_cv,,
viability_percent,legacy_lit_332,legacy_literature,72.0,35.31423312097114,15.83356980632896,36.68576687902886,1345.845491502451,all_cv,,
viability_percent,legacy_lit_343,legacy_literature,60.6,54.94499419167852,17.765861169992654,5.655005808321484,31.979090692149715,all_cv,,
viability_percent,legacy_lit_350,legacy_literature,71.0,60.69932710453726,17.659210404282938,10.30067289546274,106.10386209932074,all_cv,,
viability_percent,legacy_lit_355,legacy_literature,68.2,54.84529082825685,19.321058689837457,13.354709171743153,178.34825706184068,all_cv,,
viability_percent,legacy_lit_368,legacy_literature,88.0,81.19221426576803,13.401274235253624,6.80778573423197,46.345946603212326,all_cv,,
viability_percent,legacy_lit_373,legacy_literature,72.5,44.94142349471737,6.70800756504627,27.55857650528263,759.4751389975158,all_cv,,
viability_percent,legacy_lit_383,legacy_literature,5.0,38.5163181452404,7.919504661964571,33.5163181452404,1123.3435820129707,all_cv,,
viability_percent,legacy_wetlab_EXP105,legacy_wetlab,18.31,35.01346651489545,14.260645809365316,16.70346651489545,279.00579361423354,all_cv,,
viability_percent,legacy_wetlab_EXP203,legacy_wetlab,52.32,54.61329470235164,23.17401368878646,2.2932947023516377,5.2592005918340865,all_cv,,
viability_percent,legacy_wetlab_EXP301,legacy_wetlab,28.19,39.31818028492605,20.36619236395212,11.12818028492605,123.8363964538168,all_cv,,
viability_percent,legacy_wetlab_EXP306,legacy_wetlab,69.78,50.96397249220041,3.128379329090535,18.81602750779959,354.04289117427084,all_cv,,
viability_percent,legacy_wetlab_EXP1104,legacy_wetlab,36.3,38.623068915447625,4.789690735852407,2.323068915447628,5.396649185919019,all_cv,,
viability_percent,legacy_wetlab_EXP1203,legacy_wetlab,20.26,15.688394827767468,5.7411996700696415,4.571605172232534,20.899573850783256,all_cv,,
viability_percent,legacy_wetlab_EXP2102,legacy_wetlab,28.14,52.97214702504131,25.825974169155543,24.832147025041316,616.6355258732683,all_cv,,
viability_percent,legacy_wetlab_EXP3105,legacy_wetlab,41.32,56.433123750111726,9.499996504544326,15.113123750111724,228.4065094861911,all_cv,,
viability_percent,legacy_wetlab_EXP4102,legacy_wetlab,59.76,62.23732321903785,3.627002224589402,2.47732321903785,6.137130331584052,all_cv,,
viability_percent,legacy_wetlab_EXP5101,legacy_wetlab,49.0,69.83816997219424,5.008394853191892,20.838169972194237,434.22932779005754,all_cv,,
viability_percent,legacy_wetlab_EXP5106,legacy_wetlab,91.4,65.85426999465686,3.625097209879266,25.545730005343145,652.5843215058891,all_cv,,
viability_percent,legacy_wetlab_EXP5111,legacy_wetlab,88.78,59.29464818216431,1.0963973018636337,29.485351817835692,869.3859718215466,all_cv,,
viability_percent,legacy_wetlab_EXP5204,legacy_wetlab,71.75,24.86216986792192,17.257462887982566,46.88783013207808,2198.468614494609,all_cv,,
viability_percent,legacy_wetlab_EXP5209,legacy_wetlab,60.43,69.159503167534,16.760523523436998,8.729503167533998,76.20422555198611,all_cv,,
viability_percent,legacy_wetlab_EXP6103,legacy_wetlab,71.12,61.82907178155595,3.9854372112033185,9.290928218444051,86.32134716027996,all_cv,,
viability_percent,legacy_wetlab_EXP7102,legacy_wetlab,79.04,77.1152178508942,1.747143945894597,1.924782149105809,3.704786321516377,all_cv,,
viability_percent,legacy_wetlab_EXP7107,legacy_wetlab,70.97,82.31568247719515,5.2294857158681305,11.345682477195156,128.72451087333317,all_cv,,
viability_percent,legacy_wetlab_EXP7112,legacy_wetlab,41.07,54.373201957370625,9.563269846105744,13.303201957370623,176.97518231858962,all_cv,,
viability_percent,legacy_wetlab_EXP8105,legacy_wetlab,64.69,80.48150040437741,6.313424873114463,15.791500404377416,249.3714850214521,all_cv,,
viability_percent,legacy_wetlab_EXP9102,legacy_wetlab,70.72,71.60491803277382,2.4707086548971207,0.8849180327738253,0.7830799247282969,all_cv,,
viability_percent,legacy_wetlab_EXP9107,legacy_wetlab,61.47,58.684353451373134,5.188043293418476,2.7856465486268647,7.7598266938767635,all_cv,,
viability_percent,v2_21a3a498433e,ROUND_001,36.22,57.042209896386126,23.306120547169936,20.822209896386127,433.5644249691604,all_cv,,
viability_percent,v2_2eead01c8392,ROUND_001,60.53,53.29204695709681,25.949493048339946,7.237953042903193,52.38796425127159,all_cv,,
viability_percent,v2_4a0cb1ead8d1,ROUND_001,60.33,53.29204660163109,25.9494930483391,7.037953398368906,49.53278803761243,all_cv,,
viability_percent,v2_6b7389efb1b5,ROUND_001,35.92,53.29204453670227,25.94949304833985,17.37204453670227,301.78793138516716,all_cv,,
viability_percent,v2_84c11063c325,ROUND_003,44.5,60.70213915675273,23.083463130608045,16.20213915675273,262.50931325478,all_cv,,
viability_percent,v2_a7291b600bea,ROUND_003,52.0,53.29189089724141,25.949493048217175,1.2918908972414087,1.668982090375212,all_cv,,
viability_percent,v2_e5b28bf5a066,ROUND_004,40.4675,13.644088600741137,15.740116813663784,26.823411399258863,719.4953990938905,all_cv,,
viability_percent,v2_98a8e114024b,ROUND_004,1.3325,2.7853773308852467,8.589054586502748,1.4528773308852467,2.1108525386002386,all_cv,,
viability_percent,v2_d9aaefea702e,ROUND_005,9.2925,25.15775032453153,5.255302998080205,15.86525032453153,251.70616786004783,all_cv,,
viability_percent,v2_d9aaefea702e,ROUND_006,28.4675,25.15775032453153,5.255302998080205,3.3097496754684705,10.954442914263646,all_cv,,
viability_percent,v2_40e9f706b46d,ROUND_005,19.355,30.751516128867262,22.03288943072129,11.396516128867264,129.8805798755317,all_cv,,
viability_percent,v2_5526047f869b,ROUND_005,25.5225,31.661063315469463,22.909685019569014,6.138563315469462,37.68195957802743,all_cv,,
viability_percent,v2_b0c3376ad599,ROUND_006,24.755000000000003,38.63563475874948,24.731976245244045,13.88063475874948,192.67202130580424,all_cv,,
viability_percent,v2_445849cbfa02,ROUND_006,10.96,53.28134651120397,25.94949275940112,42.32134651120397,1791.0963705213965,all_cv,,
viability_percent,v2_445849cbfa02,ROUND_008,23.5725,53.28134651120397,25.94949275940112,29.708846511203973,882.6155610262765,all_cv,,
viability_percent,v2_c0858ec7c2c6,ROUND_007,24.2275,27.464393031650623,4.560714264812745,3.2368930316506273,10.47747649834839,all_cv,,
viability_percent,v2_16ebd2e14898,ROUND_008,41.41,84.74829014108097,9.785521026323766,43.338290141080975,1878.2073923525163,all_cv,,
viability_percent,v2_d2de523913b8,ROUND_008,16.355,53.23810214425805,25.949484719816653,36.88310214425805,1360.3632237837726,all_cv,,
viability_percent,v2_0c1889c524b0,ROUND_008,24.25,53.283463064286195,25.94949291950459,29.033463064286195,842.9419775052708,all_cv,,
viability_percent,legacy_lit_2,legacy_literature,12.5,38.89953157934783,6.622572369656541,26.39953157934783,696.9352676089833,all_cv,,
viability_percent,legacy_lit_7,legacy_literature,82.14,63.48187017408941,20.25504570551039,18.658129825910592,348.1258086005344,all_cv,,
viability_percent,legacy_lit_10,legacy_literature,63.17777777777778,76.43298043609472,14.58793037975543,13.255202658316946,175.70039751305265,all_cv,,
viability_percent,legacy_lit_13,legacy_literature,86.8,51.56851430028022,11.281061541246048,35.23148569971978,1241.2575846095592,all_cv,,
viability_percent,legacy_lit_15,legacy_literature,89.8,36.679620924841046,18.251688399163196,53.12037907515895,2821.774673088585,all_cv,,
viability_percent,legacy_lit_22,legacy_literature,82.25,58.072598750860074,3.609445943747776,24.17740124913993,584.5467311619128,all_cv,,
viability_percent,legacy_lit_32,legacy_literature,20.0,51.56851430028022,11.281061541246048,31.56851430028022,996.5710951269969,all_cv,,
viability_percent,legacy_lit_33,legacy_literature,22.0,54.49114909190222,11.299997960803434,32.49114909190222,1055.6747693122186,all_cv,,
viability_percent,legacy_lit_35,legacy_literature,80.0,58.072598750860074,3.609445943747776,21.92740124913993,480.8109255407832,all_cv,,
viability_percent,legacy_lit_38,legacy_literature,100.0,73.86405747312637,14.047530977584469,26.135942526873635,683.0874917680418,all_cv,,
viability_percent,legacy_lit_41,legacy_literature,51.5,42.86639898253126,21.85490964574722,8.633601017468742,74.5390665288373,all_cv,,
viability_percent,legacy_lit_47,legacy_literature,68.0,57.70929179092275,21.581882259968197,10.290708209077252,105.89867544436994,all_cv,,
viability_percent,legacy_lit_51,legacy_literature,64.1,54.14415256863858,25.487207428878023,9.955847431361413,99.11889807654563,all_cv,,
viability_percent,legacy_lit_56,legacy_literature,63.333333333333336,50.75428239817393,17.089851920867783,12.579050935159408,158.23252242933478,all_cv,,
viability_percent,legacy_lit_63,legacy_literature,80.0,71.83085425869639,13.52991348817238,8.169145741303609,66.7349421426589,all_cv,,
viability_percent,legacy_lit_76,legacy_literature,21.0,39.25238472593781,16.65741723892549,18.25238472593781,333.1495481836478,all_cv,,
viability_percent,legacy_lit_84,legacy_literature,82.5,54.511498982205715,25.548099102894952,27.988501017794285,783.3561892230717,all_cv,,
viability_percent,legacy_lit_89,legacy_literature,55.5,55.45160676411054,23.606968351059855,0.0483932358894634,0.0023419052798532,all_cv,,
viability_percent,legacy_lit_93,legacy_literature,61.8,53.81522091694042,25.55569027930675,7.984779083059578,63.75669700526576,all_cv,,
viability_percent,legacy_lit_98,legacy_literature,72.5,51.920731052820344,25.26767945378144,20.579268947179656,423.5063104003529,all_cv,,
viability_percent,legacy_lit_104,legacy_literature,67.0,38.903278566440136,6.627154285648593,28.096721433559864,789.4257553150622,all_cv,,
viability_percent,legacy_lit_116,legacy_literature,85.6,73.86405747312637,14.047530977584469,11.735942526873629,137.73234699408098,all_cv,,
viability_percent,legacy_lit_121,legacy_literature,79.8,52.75435384526157,25.60663895351266,27.045646154738428,731.4669759273175,all_cv,,
viability_percent,legacy_lit_134,legacy_literature,73.0,36.26441774716989,12.145872149289088,36.73558225283011,1349.5030034544468,all_cv,,
viability_percent,legacy_lit_195,legacy_literature,58.0,38.90500690133539,6.626065158881772,19.09499309866461,364.6187614380491,all_cv,,
viability_percent,legacy_lit_204,legacy_literature,67.0,55.62006153789994,11.328368977602086,11.379938462100055,129.5029994011842,all_cv,,
viability_percent,legacy_lit_209,legacy_literature,70.0,33.76898523988712,21.74088811044412,36.23101476011288,1312.6864305475171,all_cv,,
viability_percent,legacy_lit_236,legacy_literature,83.4,53.80222252854614,25.607749455431403,29.597777471453867,876.0284312497021,all_cv,,
viability_percent,legacy_lit_254,legacy_literature,80.0,48.18873116499637,16.07558238800454,31.81126883500363,1011.9568248928732,all_cv,,
viability_percent,legacy_lit_259,legacy_literature,7.0,35.799389197048455,20.32958620288844,28.799389197048455,829.4048181230713,all_cv,,
viability_percent,legacy_lit_274,legacy_literature,18.0,45.3871181372112,25.167833115753343,27.387118137211196,750.0542398615625,all_cv,,
viability_percent,legacy_lit_281,legacy_literature,74.0,27.95598046597595,15.3031210670964,46.044019534024045,2120.051734849588,all_cv,,
viability_percent,legacy_lit_299,legacy_literature,62.666666666666664,38.90500690133539,6.626065158881772,23.761659765331274,564.6164748033631,all_cv,,
viability_percent,legacy_lit_309,legacy_literature,99.0,75.45074779133228,13.640622553381842,23.549252208667724,554.5672795874417,all_cv,,
viability_percent,legacy_lit_315,legacy_literature,10.0,54.48210842234994,24.60881700076108,44.48210842234994,1978.6579696976953,all_cv,,
viability_percent,legacy_lit_341,legacy_literature,81.0,53.34153906249999,25.610933458168496,27.65846093750001,764.9904614312139,all_cv,,
viability_percent,legacy_lit_354,legacy_literature,73.8,58.67856545566016,20.270358337131587,15.121434544339834,228.65778267875405,all_cv,,
viability_percent,legacy_lit_359,legacy_literature,47.6,51.86754594015938,20.704309627607604,4.26754594015938,18.211948351370804,all_cv,,
viability_percent,legacy_lit_363,legacy_literature,69.0,53.01857890427591,21.90923801988185,15.981421095724087,255.4058202388549,all_cv,,
viability_percent,legacy_lit_372,legacy_literature,22.5,38.8780218421326,6.624148672495041,16.378021842132597,268.23959946137245,all_cv,,
viability_percent,legacy_wetlab_EXP104,legacy_wetlab,29.7,26.22809809868849,10.421489502805198,3.471901901311508,12.054102812330465,all_cv,,
viability_percent,legacy_wetlab_EXP202,legacy_wetlab,32.42,41.40867980990693,20.53924522305141,8.988679809906927,80.79636472502843,all_cv,,
viability_percent,legacy_wetlab_EXP305,legacy_wetlab,72.93,57.521272562092754,4.785803299243494,15.408727437907253,237.4288812557158,all_cv,,
viability_percent,legacy_wetlab_EXP1103,legacy_wetlab,26.68,53.341462661364226,25.610933457686503,26.661462661364222,710.8335912433188,all_cv,,
viability_percent,legacy_wetlab_EXP1202,legacy_wetlab,28.41,52.68770502677684,25.601702767024527,24.27770502677684,589.4069613671854,all_cv,,
viability_percent,legacy_wetlab_EXP2101,legacy_wetlab,28.99,50.39568129124186,25.314580966568407,21.40568129124186,458.2031915422217,all_cv,,
viability_percent,legacy_wetlab_EXP2106,legacy_wetlab,34.8,46.311648195086306,23.785241916805912,11.511648195086307,132.51804416743389,all_cv,,
viability_percent,legacy_wetlab_EXP3104,legacy_wetlab,49.99,56.73667544626467,24.73544346356555,6.746675446264668,45.51762957723055,all_cv,,
viability_percent,legacy_wetlab_EXP4101,legacy_wetlab,62.32,75.22493389173403,3.651841675301633,12.904933891734023,166.5373187500255,all_cv,,
viability_percent,legacy_wetlab_EXP4106,legacy_wetlab,71.59,55.471271492923385,7.332878946550129,16.118728507076618,259.81340868484443,all_cv,,
viability_percent,legacy_wetlab_EXP5105,legacy_wetlab,91.2,77.59354341093041,1.962915232736273,13.606456589069596,185.13566091023537,all_cv,,
viability_percent,legacy_wetlab_EXP5110,legacy_wetlab,95.15,73.30197453588137,1.6289464793702977,21.848025464118635,477.3362166807763,all_cv,,
viability_percent,legacy_wetlab_EXP5203,legacy_wetlab,59.95,55.49094531700648,24.04827992982121,4.459054682993525,19.883168665926487,all_cv,,
viability_percent,legacy_wetlab_EXP5208,legacy_wetlab,12.02,51.985902980464026,25.60624410205209,39.96590298046402,1597.273401043863,all_cv,,
viability_percent,legacy_wetlab_EXP6102,legacy_wetlab,73.88,75.40424948680138,3.223117272174742,1.5242494868013807,2.3233364980142723,all_cv,,
viability_percent,legacy_wetlab_EXP7101,legacy_wetlab,72.98,77.65830522509225,2.410464519041378,4.678305225092245,21.886539779125403,all_cv,,
viability_percent,legacy_wetlab_EXP7106,legacy_wetlab,74.55,77.93716700088869,2.371091065403722,3.387167000888695,11.472900291909315,all_cv,,
viability_percent,legacy_wetlab_EXP7111,legacy_wetlab,35.29,66.04930785397225,19.382252748359125,30.759307853972253,946.1350196554392,all_cv,,
viability_percent,legacy_wetlab_EXP8104,legacy_wetlab,58.76,62.381760202938075,10.199638484170263,3.621760202938077,13.11714696758606,all_cv,,
viability_percent,legacy_wetlab_EXP9101,legacy_wetlab,75.43,72.39380352147359,2.9391078989902306,3.0361964785264206,9.218489056216235,all_cv,,
viability_percent,legacy_wetlab_EXP9106,legacy_wetlab,67.06,69.80964116766538,5.238546334388774,2.7496411676653736,7.5605265509202,all_cv,,
viability_percent,v2_49123b81735d,ROUND_001,40.44,58.707104700275366,22.76275258246355,18.267104700275368,333.68711413082247,all_cv,,
viability_percent,v2_b9ae21107fa4,ROUND_001,15.93,53.34140252123822,25.61093345788015,37.41140252123822,1399.6130386061095,all_cv,,
viability_percent,v2_a3cd6cc2afa7,ROUND_002,57.3875,72.35627218466732,1.7377582721115037,14.968772184667316,224.06414071646992,all_cv,,
viability_percent,v2_db8935ce2c34,ROUND_002,61.5875,76.3539510022231,5.3948853081663986,14.7664510022231,218.0480752010556,all_cv,,
viability_percent,v2_fc5b4c04eee9,ROUND_002,56.2875,76.9766135121718,3.6157344761950343,20.689113512171794,428.0394179195295,all_cv,,
viability_percent,v2_3e8ef993abba,ROUND_002,65.5625,58.29530182124144,8.491324898773446,7.267198178758562,52.81216936935176,all_cv,,
viability_percent,v2_0a63a12b60f3,ROUND_003,38.0,41.93863116741559,17.786360263456157,3.9386311674155934,15.51281547293752,all_cv,,
viability_percent,v2_4f4525f1566d,ROUND_003,36.0,43.06000687139148,19.459056805133248,7.060006871391479,49.84369702409491,all_cv,,
viability_percent,v2_afa1348627bc,ROUND_003,38.5,42.476909567273154,18.255508864948712,3.976909567273154,15.815809706268745,all_cv,,
viability_percent,v2_1e09bd3298a1,ROUND_004,0.69,9.36112181899022,8.025829441343225,8.67112181899022,75.18835359976828,all_cv,,
viability_percent,v2_6886b09726ac,ROUND_004,30.2175,51.947835537408665,22.75294556451166,21.730335537408664,472.2074825683659,all_cv,,
viability_percent,v2_f3bcb989040c,ROUND_005,59.182500000000005,44.77471862794546,5.241629764064507,14.407781372054544,207.5841640649219,all_cv,,
viability_percent,v2_88865d95334d,ROUND_005,1.365,35.65357973539906,21.90181422301237,34.28857973539906,1175.706700270819,all_cv,,
viability_percent,v2_88865d95334d,ROUND_006,15.755,35.65357973539906,21.90181422301237,19.89857973539906,395.95347548603416,all_cv,,
viability_percent,v2_79ec2bf8acae,ROUND_005,31.495,33.453183141208015,6.379019259002983,1.9581831412080144,3.8344812145112854,all_cv,,
viability_percent,v2_13f1ff7a70b9,ROUND_006,53.7125,56.351898491982425,5.520923153133088,2.6393984919824263,6.966424399479106,all_cv,,
viability_percent,v2_2df18f043f0c,ROUND_007,5.9925,53.08687886123661,25.61052314687381,47.09437886123661,2217.8805203256898,all_cv,,
viability_percent,v2_cfd8fbca69e1,ROUND_008,33.555,38.363722499483266,4.459968436633026,4.808722499483267,23.123812077036597,all_cv,,
viability_percent,v2_949b1b9d7a24,ROUND_008,9.4125,53.317402957500725,25.610926486651035,43.90490295750072,1927.640503707556,all_cv,,
viability_percent,legacy_lit_1,legacy_literature,96.0,68.62395060314022,19.302299426174127,27.376049396859784,749.448080579307,all_cv,,
viability_percent,legacy_lit_4,legacy_literature,81.43333333333332,75.2068837165346,13.08667725905896,6.226449616798718,38.768674830532895,all_cv,,
viability_percent,legacy_lit_6,legacy_literature,83.0,70.39276143745458,17.236864461921595,12.60723856254542,158.9424641729323,all_cv,,
viability_percent,legacy_lit_8,legacy_literature,69.625,63.41836249093632,9.466692437311842,6.2066375090636825,38.52234916891624,all_cv,,
viability_percent,legacy_lit_27,legacy_literature,70.0,42.98057633136631,11.499802561247204,27.019423668633692,730.0492553851226,all_cv,,
viability_percent,legacy_lit_29,legacy_literature,58.0,75.20912863089774,13.086531438385954,17.209128630897737,296.15410823478425,all_cv,,
viability_percent,legacy_lit_34,legacy_literature,50.0,54.43557559963944,4.598845146326288,4.435575599639442,19.674330900116797,all_cv,,
viability_percent,legacy_lit_46,legacy_literature,65.0,51.586593032627775,18.919856726006095,13.413406967372223,179.91948647234975,all_cv,,
viability_percent,legacy_lit_50,legacy_literature,70.6,59.42213487762979,23.966148793651804,11.177865122370209,124.94466869390033,all_cv,,
viability_percent,legacy_lit_55,legacy_literature,58.0,40.96639018326932,7.076184346135841,17.03360981673068,290.14386338862386,all_cv,,
viability_percent,legacy_lit_69,legacy_literature,92.0,64.51434957353074,20.11656096586686,27.485650426469263,755.46097936607,all_cv,,
viability_percent,legacy_lit_75,legacy_literature,83.0,49.75081262191028,21.22519726486321,33.24918737808972,1105.508461303321,all_cv,,
viability_percent,legacy_lit_88,legacy_literature,69.7,43.8580101215303,14.054483024969784,25.841989878469704,667.8084408789306,all_cv,,
viability_percent,legacy_lit_92,legacy_literature,72.1,52.00207656510008,25.397493244932953,20.09792343489991,403.9265263950991,all_cv,,
viability_percent,legacy_lit_97,legacy_literature,70.5,35.454664113536154,22.816720974425465,35.045335886463846,1228.1755673950706,all_cv,,
viability_percent,legacy_lit_103,legacy_literature,68.0,40.97623413383689,7.087095210411217,27.02376586616311,730.2839215892025,all_cv,,
viability_percent,legacy_lit_115,legacy_literature,86.0,63.317823268873695,4.932235804709749,22.682176731126305,514.4811412620476,all_cv,,
viability_percent,legacy_lit_120,legacy_literature,40.0,42.893246697601185,21.73969042553816,2.8932466976011852,8.370876453180164,all_cv,,
viability_percent,legacy_lit_129,legacy_literature,56.0,55.70146082838166,19.23051560406338,0.2985391716183372,0.089125636990563,all_cv,,
viability_percent,legacy_lit_133,legacy_literature,68.0,50.318876808863926,21.463005022040612,17.681123191136074,312.6221173001299,all_cv,,
viability_percent,legacy_lit_138,legacy_literature,0.0,51.767218125236525,25.638983195594324,51.767218125236525,2679.844872425817,all_cv,,
viability_percent,legacy_lit_194,legacy_literature,55.0,40.97727713305197,7.086617225744964,14.02272286694803,196.6367566032272,all_cv,,
viability_percent,legacy_lit_199,legacy_literature,80.0,40.97727713305197,7.086617225744964,39.02272286694803,1522.7728999506287,all_cv,,
viability_percent,legacy_lit_203,legacy_literature,63.0,60.240089109430045,3.3800758242260507,2.759910890569955,7.617108123886643,all_cv,,
viability_percent,legacy_lit_208,legacy_literature,78.0,35.06378903946084,14.342165638365415,42.93621096053916,1843.5182116479227,all_cv,,
viability_percent,legacy_lit_218,legacy_literature,65.0,53.381892838568234,25.8237725749035,11.618107161431766,134.9804140145121,all_cv,,
viability_percent,legacy_lit_235,legacy_literature,80.0,45.00028796991023,25.4760483525657,34.99971203008977,1224.9798421892103,all_cv,,
viability_percent,legacy_lit_253,legacy_literature,60.0,45.42484191053874,17.855662349151277,14.575158089461262,212.43523333278804,all_cv,,
viability_percent,legacy_lit_258,legacy_literature,78.0,38.65717887102652,24.5044187437366,39.34282112897348,1547.8575743864023,all_cv,,
viability_percent,legacy_lit_278,legacy_literature,40.0,53.89634529218207,25.8074895937826,13.896345292182067,193.10841247955076,all_cv,,
viability_percent,legacy_lit_308,legacy_literature,83.0,52.52513569908633,24.839531107583017,30.474864300913673,928.7173541591026,all_cv,,
viability_percent,legacy_lit_314,legacy_literature,10.0,50.153453210365605,15.309174113946511,40.153453210365605,1612.29980471702,all_cv,,
viability_percent,legacy_lit_319,legacy_literature,80.0,75.47796638463888,13.86581690442226,4.522033615361124,20.448788018456,all_cv,,
viability_percent,legacy_lit_329,legacy_literature,61.666666666666664,61.42185245275281,18.2266940555224,0.2448142139138553,0.0599339993342589,all_cv,,
viability_percent,legacy_lit_349,legacy_literature,70.0,56.51289954420121,17.919038424715186,13.487100455798789,181.9018787048079,all_cv,,
viability_percent,legacy_lit_353,legacy_literature,72.0,57.83479742463743,17.95827377842238,14.16520257536257,200.6529640010584,all_cv,,
viability_percent,legacy_lit_358,legacy_literature,42.4,50.01162838308161,21.432784060960035,7.611628383081609,57.936886642133544,all_cv,,
viability_percent,legacy_lit_362,legacy_literature,55.3,52.55595768532581,20.568283617018192,2.7440423146741892,7.529768224722482,all_cv,,
viability_percent,legacy_lit_370,legacy_literature,90.0,54.06616863156859,25.79123592815248,35.93383136843141,1291.2402368148653,all_cv,,
viability_percent,legacy_lit_376,legacy_literature,86.05,75.21920087187945,13.085485820039718,10.830799128120546,117.30620975369678,all_cv,,
viability_percent,legacy_wetlab_EXP103,legacy_wetlab,7.44,25.36002440870187,11.05727267464076,17.92002440870187,321.1272748084708,all_cv,,
viability_percent,legacy_wetlab_EXP201,legacy_wetlab,9.78,21.891812051308424,5.126554862649147,12.111812051308425,146.69599116621998,all_cv,,
viability_percent,legacy_wetlab_EXP206,legacy_wetlab,58.73,48.96213505644277,23.218177084433673,9.767864943557228,95.41118555557424,all_cv,,
viability_percent,legacy_wetlab_EXP304,legacy_wetlab,53.19,43.94918379603507,18.821670457451766,9.240816203964926,85.39268411546074,all_cv,,
viability_percent,legacy_wetlab_EXP1102,legacy_wetlab,6.9,29.07281927337492,19.260333179777263,22.17281927337492,491.6339145297463,all_cv,,
viability_percent,legacy_wetlab_EXP1201,legacy_wetlab,31.9,54.076812339580506,25.61495334935796,22.176812339580508,491.8110055449702,all_cv,,
viability_percent,legacy_wetlab_EXP2105,legacy_wetlab,8.66,49.56503004526828,25.59793413735888,40.90503004526827,1673.2214830043004,all_cv,,
viability_percent,legacy_wetlab_EXP3103,legacy_wetlab,32.75,46.72736501037977,17.65972474580984,13.97736501037977,195.3667326333887,all_cv,,
viability_percent,legacy_wetlab_EXP3108,legacy_wetlab,35.08,53.50259598982212,7.4466143619201075,18.42259598982212,339.39204300421005,all_cv,,
viability_percent,legacy_wetlab_EXP4105,legacy_wetlab,78.31,73.64258254078224,2.392912912434617,4.667417459217759,21.784785738610765,all_cv,,
viability_percent,legacy_wetlab_EXP5104,legacy_wetlab,92.63,73.18763708315531,1.8643138609858552,19.442362916844687,378.00547579029745,all_cv,,
viability_percent,legacy_wetlab_EXP5109,legacy_wetlab,94.32,67.75259785225255,1.4569202472518357,26.567402147747444,705.8268568801356,all_cv,,
viability_percent,legacy_wetlab_EXP5202,legacy_wetlab,29.46,34.20031964733798,14.525216980447135,4.7403196473379765,22.470630358938436,all_cv,,
viability_percent,legacy_wetlab_EXP5207,legacy_wetlab,48.34,53.28745062432731,25.82242047527765,4.94745062432731,24.47726768015669,all_cv,,
viability_percent,legacy_wetlab_EXP6101,legacy_wetlab,74.16,65.83227454999933,2.7998638483935405,8.32772545000067,69.35101117058888,all_cv,,
viability_percent,legacy_wetlab_EXP6106,legacy_wetlab,71.41,55.2975968266554,3.85119788337805,16.112403173344596,259.609536020405,all_cv,,
viability_percent,legacy_wetlab_EXP7105,legacy_wetlab,73.57,67.07902213629876,1.4797192139191937,6.490977863701232,42.132793627059414,all_cv,,
viability_percent,legacy_wetlab_EXP7110,legacy_wetlab,50.31,43.497536699133434,13.555117168803593,6.812463300866568,46.40965622565382,all_cv,,
viability_percent,legacy_wetlab_EXP8103,legacy_wetlab,69.97,68.06812335449794,2.718942095279954,1.9018766455020568,3.617134774706156,all_cv,,
viability_percent,legacy_wetlab_EXP8108,legacy_wetlab,39.82,60.17602800905524,3.3888655567759467,20.356028009055237,414.3678763054413,all_cv,,
viability_percent,legacy_wetlab_EXP9105,legacy_wetlab,75.16,73.5755694361155,4.392526163374026,1.5844305638844958,2.5104202117713412,all_cv,,
viability_percent,v2_da5df4899b60,ROUND_001,43.34,53.39585954140578,25.823781628023696,10.055859541405772,101.12031111648152,all_cv,,
viability_percent,v2_a2b4c2d7b0b6,ROUND_001,24.39,53.39572358047267,25.82378162698593,29.005723580472676,841.3320004267887,all_cv,,
viability_percent,v2_75d69addc009,ROUND_002,29.2025,50.3465392662971,25.77756929854155,21.1440392662971,447.0703964947136,all_cv,,
viability_percent,v2_75d69addc009,ROUND_003,34.5,50.3465392662971,25.77756929854155,15.8465392662971,251.1128067182958,all_cv,,
viability_percent,v2_8f6028d7e59a,ROUND_003,41.0,53.395140480097425,25.823781622007484,12.395140480097425,153.6395075213498,all_cv,,
viability_percent,v2_3db5f7aa7cdd,ROUND_003,38.0,39.4841046487276,15.396775894824684,1.4841046487276015,2.202566608374878,all_cv,,
viability_percent,v2_ced63818bdd1,ROUND_004,32.885,46.02825548095919,25.10657789734471,13.14325548095919,172.7451646377638,all_cv,,
viability_percent,v2_1d06992cb257,ROUND_004,35.825,35.54149364432169,6.267429858113978,0.2835063556783126,0.0803758537099979,all_cv,,
viability_percent,v2_4da335e6bc9d,ROUND_004,10.1075,53.39340760061019,25.82378159647637,43.285907600610194,1873.6697968085632,all_cv,,
viability_percent,v2_f1b5aed4af5a,ROUND_005,22.145,29.974073932037623,6.064910764231245,7.829073932037627,61.294398633311104,all_cv,,
viability_percent,v2_011eef292ff1,ROUND_005,31.85,31.06382906469364,5.295974423201719,0.7861709353063588,0.618064739520475,all_cv,,
viability_percent,v2_117f554a123f,ROUND_005,11.9125,53.34332377502044,25.823765884116096,41.43082377502043,1716.5131586767986,all_cv,,
viability_percent,v2_b7e07e99afa8,ROUND_006,40.6125,21.74547752570485,5.692308152487731,18.867022474295148,355.9645370455582,all_cv,,
viability_percent,v2_4673547a29eb,ROUND_006,6.8175,43.79955502800046,24.824996174334455,36.98205502800046,1367.672394094054,all_cv,,
viability_percent,v2_fb629591d74c,ROUND_006,40.18,70.71298033432193,5.437128864813661,30.532980334321927,932.2628880960896,all_cv,,
viability_percent,v2_7371aa062562,ROUND_007,50.095,52.01609246556098,25.7030529829942,1.9210924655609816,3.690596261235171,all_cv,,
viability_percent,v2_655dce03a47b,ROUND_007,57.5075,49.1792788984635,11.18944856163924,8.3282211015365,69.35926671607783,all_cv,,
viability_percent,v2_adfd2284b7fb,ROUND_007,8.127500000000001,52.449877841105064,25.821182399629624,44.322377841105066,1964.4731774896811,all_cv,,
viability_percent,v2_2c468d77758b,ROUND_008,18.295,53.39449705173134,25.8237816227809,35.09949705173134,1231.974693284497,all_cv,,
intact_patch_formation_pass,v2_655729013931,ROUND_002,1.0,0.7340081539225549,,0.2659918460774451,0.0707516621796872,all_cv,,
intact_patch_formation_pass,v2_384020959c42,ROUND_002,1.0,0.9071246902060808,,0.0928753097939193,0.0086258231693164,all_cv,,
intact_patch_formation_pass,v2_b2c883db5caf,ROUND_002,1.0,0.7517907975386431,,0.2482092024613569,0.0616078081865028,all_cv,,
intact_patch_formation_pass,v2_430e18c49d10,ROUND_003,1.0,0.7196459035614952,,0.2803540964385048,0.0785984193898504,all_cv,,
intact_patch_formation_pass,v2_d93bf1a562c8,ROUND_003,1.0,0.0920475674498682,,0.9079524325501318,0.8243776197737016,all_cv,,
intact_patch_formation_pass,v2_27a2b16cc327,ROUND_003,0.0,0.6333454802625014,,0.6333454802625014,0.4011264973689385,all_cv,,
intact_patch_formation_pass,v2_6fb2fa9dc5d5,ROUND_004,1.0,0.9048942121209508,,0.0951057878790491,0.0090451108880946,all_cv,,
intact_patch_formation_pass,v2_6fb2fa9dc5d5,ROUND_007,1.0,0.9048942121209508,,0.0951057878790491,0.0090451108880946,all_cv,,
intact_patch_formation_pass,v2_8d9d8b0a7098,ROUND_004,0.0,0.319897205586239,,0.319897205586239,0.1023342221418844,all_cv,,
intact_patch_formation_pass,v2_eb8bb8b8618f,ROUND_004,1.0,0.974982886424706,,0.0250171135752939,0.0006258559716391,all_cv,,
intact_patch_formation_pass,v2_1be28fc1c3ad,ROUND_005,0.0,0.6258058239268608,,0.6258058239268608,0.3916329292607771,all_cv,,
intact_patch_formation_pass,v2_c52464fe22c3,ROUND_005,1.0,0.9955100962706108,,0.0044899037293891,2.015923549918285e-05,all_cv,,
intact_patch_formation_pass,v2_0edd7362eda9,ROUND_006,1.0,0.9270904051051015,,0.0729095948948984,0.0053158090277382,all_cv,,
intact_patch_formation_pass,v2_e579d58c9088,ROUND_006,1.0,0.2165401833888742,,0.7834598166111257,0.6138092842443388,all_cv,,
intact_patch_formation_pass,v2_e579d58c9088,ROUND_007,1.0,0.2165401833888742,,0.7834598166111257,0.6138092842443388,all_cv,,
intact_patch_formation_pass,v2_724742f4ebc1,ROUND_007,1.0,0.9294018588773074,,0.0705981411226925,0.0049840975299796,all_cv,,
intact_patch_formation_pass,v2_a1a1ae0b19bb,ROUND_007,1.0,0.2076568876042242,,0.7923431123957758,0.6278076077610251,all_cv,,
intact_patch_formation_pass,v2_acaa3c7de271,ROUND_007,1.0,0.9937728836948092,,0.0062271163051907,3.8776977478373047e-05,all_cv,,
intact_patch_formation_pass,v2_4b9990641d38,ROUND_008,1.0,0.974676034778012,,0.0253239652219881,0.0006413032145644,all_cv,,
intact_patch_formation_pass,v2_00d4dc35ee8a,ROUND_008,1.0,0.992497616675856,,0.0075023833241439,5.628575554239384e-05,all_cv,,
intact_patch_formation_pass,v2_237544a25f30,ROUND_001,0.0,0.6626349718065871,,0.6626349718065871,0.4390851058611165,all_cv,,
intact_patch_formation_pass,v2_e0e6b16a3f20,ROUND_001,0.0,0.2818280950368391,,0.2818280950368391,0.0794270751520936,all_cv,,
intact_patch_formation_pass,v2_e0e6b16a3f20,ROUND_002,1.0,0.2818280950368391,,0.718171904963161,0.5157708850784155,all_cv,,
intact_patch_formation_pass,v2_19eed4dca0d3,ROUND_001,0.0,3.0716091892183203e-06,,3.0716091892183203e-06,9.434783011290427e-12,all_cv,,
intact_patch_formation_pass,v2_a803deb82ca6,ROUND_001,0.0,0.8535116838976424,,0.8535116838976424,0.7284821945497891,all_cv,,
intact_patch_formation_pass,v2_42188f45e98a,ROUND_002,1.0,0.9367571644081576,,0.0632428355918424,0.0039996562536968,all_cv,,
intact_patch_formation_pass,v2_34d667ff4762,ROUND_002,1.0,0.7314627954270402,,0.2685372045729598,0.0721122302398596,all_cv,,
intact_patch_formation_pass,v2_8a721b7d8f1c,ROUND_002,1.0,0.9370236849094384,,0.0629763150905614,0.0039660162623856,all_cv,,
intact_patch_formation_pass,v2_4aeffae55153,ROUND_003,0.0,0.998209079706553,,0.998209079706553,0.9964213668086036,all_cv,,
intact_patch_formation_pass,v2_0e9e2b605ce7,ROUND_004,0.0,0.3356931798703246,,0.3356931798703246,0.1126899110114501,all_cv,,
intact_patch_formation_pass,v2_6005e837cd4b,ROUND_004,1.0,0.972244133250028,,0.0277558667499719,0.0007703881390422,all_cv,,
intact_patch_formation_pass,v2_711df1b41503,ROUND_005,0.0,0.5983799941135969,,0.5983799941135969,0.3580586173553882,all_cv,,
intact_patch_formation_pass,v2_ea8a9ce5fcb2,ROUND_006,0.0,0.7938875470418087,,0.7938875470418087,0.6302574373480601,all_cv,,
intact_patch_formation_pass,v2_9d3ceb7016d5,ROUND_006,1.0,0.9760265204895744,,0.0239734795104257,0.0005747277198368,all_cv,,
intact_patch_formation_pass,v2_d880ac9c9187,ROUND_007,1.0,0.8640812675758174,,0.1359187324241826,0.0184739018237965,all_cv,,
intact_patch_formation_pass,v2_6f20e63adb1d,ROUND_007,1.0,0.8145407956448888,,0.1854592043551112,0.0343951164800309,all_cv,,
intact_patch_formation_pass,v2_6f20e63adb1d,ROUND_008,1.0,0.8145407956448888,,0.1854592043551112,0.0343951164800309,all_cv,,
intact_patch_formation_pass,v2_b2a7d8453992,ROUND_008,1.0,0.8818211021107435,,0.1181788978892565,0.0139662519063193,all_cv,,
intact_patch_formation_pass,v2_c29d85c403ed,ROUND_008,1.0,0.993223768184968,,0.006776231815032,4.5917317611052734e-05,all_cv,,
intact_patch_formation_pass,v2_21a3a498433e,ROUND_001,1.0,0.9782044390661294,,0.0217955609338705,0.000475046476422,all_cv,,
intact_patch_formation_pass,v2_2eead01c8392,ROUND_001,0.0,0.4609727746815939,,0.4609727746815939,0.2124958989976475,all_cv,,
intact_patch_formation_pass,v2_4a0cb1ead8d1,ROUND_001,0.0,0.0005419735547702,,0.0005419735547702,2.9373533407034937e-07,all_cv,,
intact_patch_formation_pass,v2_6b7389efb1b5,ROUND_001,0.0,1.0335713797967165e-62,,1.0335713797967165e-62,1.0682697971348883e-124,all_cv,,
intact_patch_formation_pass,v2_84c11063c325,ROUND_003,0.0,0.6697048541681793,,0.6697048541681793,0.4485045916964222,all_cv,,
intact_patch_formation_pass,v2_a7291b600bea,ROUND_003,0.0,0.9031039162711266,,0.9031039162711266,0.8155966835842461,all_cv,,
intact_patch_formation_pass,v2_e5b28bf5a066,ROUND_004,1.0,0.7199019450301347,,0.2800980549698653,0.0784549203979016,all_cv,,
intact_patch_formation_pass,v2_98a8e114024b,ROUND_004,1.0,0.2815855712069644,,0.7184144287930356,0.5161192914980237,all_cv,,
intact_patch_formation_pass,v2_d9aaefea702e,ROUND_005,1.0,0.9063955473128728,,0.0936044526871271,0.0087617935628566,all_cv,,
intact_patch_formation_pass,v2_d9aaefea702e,ROUND_006,1.0,0.9063955473128728,,0.0936044526871271,0.0087617935628566,all_cv,,
intact_patch_formation_pass,v2_40e9f706b46d,ROUND_005,1.0,0.9538801730803408,,0.0461198269196592,0.0021270384350993,all_cv,,
intact_patch_formation_pass,v2_5526047f869b,ROUND_005,1.0,0.7201789378956569,,0.2798210621043431,0.0782998267972026,all_cv,,
intact_patch_formation_pass,v2_b0c3376ad599,ROUND_006,1.0,4.8656104040190986e-194,,1.0,1.0,all_cv,,
intact_patch_formation_pass,v2_445849cbfa02,ROUND_006,1.0,0.9469841527217778,,0.0530158472782221,0.0028106800626277,all_cv,,
intact_patch_formation_pass,v2_445849cbfa02,ROUND_008,1.0,0.9469841527217778,,0.0530158472782221,0.0028106800626277,all_cv,,
intact_patch_formation_pass,v2_c0858ec7c2c6,ROUND_007,1.0,0.7622073505497313,,0.2377926494502686,0.0565453441325783,all_cv,,
intact_patch_formation_pass,v2_16ebd2e14898,ROUND_008,1.0,0.6126235497820673,,0.3873764502179326,0.1500605141834464,all_cv,,
intact_patch_formation_pass,v2_d2de523913b8,ROUND_008,1.0,0.978129357366958,,0.021870642633042,0.0004783250091822,all_cv,,
intact_patch_formation_pass,v2_0c1889c524b0,ROUND_008,1.0,0.98722885301295,,0.01277114698705,0.0001631021953648,all_cv,,
intact_patch_formation_pass,v2_49123b81735d,ROUND_001,0.0,0.0896100096109942,,0.0896100096109942,0.0080299538224824,all_cv,,
intact_patch_formation_pass,v2_b9ae21107fa4,ROUND_001,0.0,6.443597499975827e-06,,6.443597499975827e-06,4.1519948741694726e-11,all_cv,,
intact_patch_formation_pass,v2_a3cd6cc2afa7,ROUND_002,1.0,0.7348550741471732,,0.2651449258528268,0.070301831705501,all_cv,,
intact_patch_formation_pass,v2_db8935ce2c34,ROUND_002,1.0,0.932774945923593,,0.067225054076407,0.0045192078955758,all_cv,,
intact_patch_formation_pass,v2_fc5b4c04eee9,ROUND_002,0.0,0.4169407763473412,,0.4169407763473412,0.1738396109811236,all_cv,,
intact_patch_formation_pass,v2_3e8ef993abba,ROUND_002,1.0,0.935863162442857,,0.0641368375571429,0.0041135339318313,all_cv,,
intact_patch_formation_pass,v2_0a63a12b60f3,ROUND_003,1.0,0.9795412817991777,,0.0204587182008224,0.0004185591504206,all_cv,,
intact_patch_formation_pass,v2_4f4525f1566d,ROUND_003,1.0,0.9716429444707944,,0.0283570555292055,0.0008041225982864,all_cv,,
intact_patch_formation_pass,v2_afa1348627bc,ROUND_003,1.0,0.9155875219118874,,0.0844124780881125,0.007125466456976,all_cv,,
intact_patch_formation_pass,v2_1e09bd3298a1,ROUND_004,1.0,0.2981611241022196,,0.7018388758977804,0.49257780772146,all_cv,,
intact_patch_formation_pass,v2_6886b09726ac,ROUND_004,1.0,0.968290070358205,,0.0317099296417949,0.0010055196378875,all_cv,,
intact_patch_formation_pass,v2_f3bcb989040c,ROUND_005,1.0,0.7948415640242602,,0.2051584359757398,0.0420899838520117,all_cv,,
intact_patch_formation_pass,v2_88865d95334d,ROUND_005,0.0,0.8219853979831114,,0.8219853979831114,0.6756599944974541,all_cv,,
intact_patch_formation_pass,v2_88865d95334d,ROUND_006,1.0,0.8219853979831114,,0.1780146020168885,0.0316891985312312,all_cv,,
intact_patch_formation_pass,v2_79ec2bf8acae,ROUND_005,1.0,0.9941318538284968,,0.0058681461715033,3.443513949012919e-05,all_cv,,
intact_patch_formation_pass,v2_13f1ff7a70b9,ROUND_006,1.0,0.8096882891867909,,0.190311710813209,0.0362185472726505,all_cv,,
intact_patch_formation_pass,v2_2df18f043f0c,ROUND_007,1.0,0.9579807310276912,,0.0420192689723086,0.0017656189649672,all_cv,,
intact_patch_formation_pass,v2_cfd8fbca69e1,ROUND_008,1.0,0.8478859673375345,,0.1521140326624654,0.0231386789328376,all_cv,,
intact_patch_formation_pass,v2_949b1b9d7a24,ROUND_008,1.0,0.6826700476916353,,0.3173299523083647,0.100698298632029,all_cv,,
intact_patch_formation_pass,v2_da5df4899b60,ROUND_001,0.0,2.846281542344894e-09,,2.846281542344894e-09,8.10131861829323e-18,all_cv,,
intact_patch_formation_pass,v2_a2b4c2d7b0b6,ROUND_001,0.0,0.0048850777283795,,0.0048850777283795,2.386398441231003e-05,all_cv,,
intact_patch_formation_pass,v2_75d69addc009,ROUND_002,0.0,0.6826570703969117,,0.6826570703969117,0.4660206757628941,all_cv,,
intact_patch_formation_pass,v2_75d69addc009,ROUND_003,1.0,0.6826570703969117,,0.3173429296030883,0.1007065349690706,all_cv,,
intact_patch_formation_pass,v2_8f6028d7e59a,ROUND_003,0.0,0.0531787071355546,,0.0531787071355546,0.002827974892609,all_cv,,
intact_patch_formation_pass,v2_3db5f7aa7cdd,ROUND_003,1.0,0.9715202346241028,,0.0284797653758972,0.0008110970358661,all_cv,,
intact_patch_formation_pass,v2_ced63818bdd1,ROUND_004,1.0,0.9186357521506396,,0.0813642478493603,0.0066201408280921,all_cv,,
intact_patch_formation_pass,v2_1d06992cb257,ROUND_004,1.0,0.9912149790572014,,0.0087850209427986,7.717659296541087e-05,all_cv,,
intact_patch_formation_pass,v2_4da335e6bc9d,ROUND_004,0.0,0.9880974359948989,,0.9880974359948989,0.9763365430196932,all_cv,,
intact_patch_formation_pass,v2_f1b5aed4af5a,ROUND_005,1.0,0.9916806427070128,,0.0083193572929872,6.921170576838052e-05,all_cv,,
intact_patch_formation_pass,v2_011eef292ff1,ROUND_005,1.0,0.9960725241600364,,0.0039274758399635,1.5425066473497444e-05,all_cv,,
intact_patch_formation_pass,v2_117f554a123f,ROUND_005,1.0,0.9991592104950268,,0.0008407895049731,7.069269916729565e-07,all_cv,,
intact_patch_formation_pass,v2_b7e07e99afa8,ROUND_006,1.0,0.9930000412616432,,0.0069999587383566,4.899942233869607e-05,all_cv,,
intact_patch_formation_pass,v2_4673547a29eb,ROUND_006,0.0,0.9956463863796412,,0.9956463863796412,0.9913117267108378,all_cv,,
intact_patch_formation_pass,v2_fb629591d74c,ROUND_006,1.0,0.95446282566801,,0.0455371743319901,0.002073634246142,all_cv,,
intact_patch_formation_pass,v2_7371aa062562,ROUND_007,1.0,0.3187856978606316,,0.6812143021393684,0.4640529254392267,all_cv,,
intact_patch_formation_pass,v2_655dce03a47b,ROUND_007,1.0,0.9838569264309676,,0.0161430735690324,0.0002605988242551,all_cv,,
intact_patch_formation_pass,v2_adfd2284b7fb,ROUND_007,1.0,0.9980401932883176,,0.0019598067116824,3.84084234715577e-06,all_cv,,
intact_patch_formation_pass,v2_2c468d77758b,ROUND_008,1.0,0.995971486291836,,0.004028513708164,1.6228922696865573e-05,all_cv,,
